t,lambda_slow,lambda_fast,abs_slow,abs_fast,stiffness_ratio,kappa_V
1e-08,-0.02400600248590513,-0.039993997748006466,0.02400600248590513,0.039993997748006466,1.6659999002952914,5.1971675481376245
1.0223784145510607e-08,-0.024543574292990956,-0.03999350789521148,0.024543574292990956,0.03999350789521148,1.6294899600924322,5.365452141488437
1.0452576225399426e-08,-0.02509321931864145,-0.0399929638664642,0.02509321931864145,0.0399929638664642,1.593775727164426,5.550505774365321
1.0686488309297974e-08,-0.02565521489911645,-0.0399923572926223,0.02565521489911645,0.0399923572926223,1.558839302258178,5.754870932696357
1.0925634974778531e-08,-0.026229846158207185,-0.03999167803606992,0.026229846158207185,0.03999167803606992,1.5246630801742895,5.981628386173994
1.1170133363477691e-08,-0.026817406633422608,-0.03999091369922783,0.026817406633422608,0.03999091369922783,1.491229716798456,6.23454764398744
1.1420103238476229e-08,-0.02741819907886376,-0.03999004895939079,0.02741819907886376,0.03999004895939079,1.4585220876238536,6.51829097011126
1.1675667042962784e-08,-0.028032536521025705,-0.039989064653718404,0.028032536521025705,0.039989064653718404,1.426523233947265,6.838694664870884
1.1936949960210361e-08,-0.028660743684565775,-0.03998793649741046,0.028660743684565775,0.03998793649741046,1.395216290878891,7.203164157119826
1.220407997489524e-08,-0.029303158972260795,-0.039986633250915206,0.029303158972260795,0.039986633250915206,1.364584387941508,7.62124070367839
1.2477187935787744e-08,-0.02996013729741686,-0.03998511403797724,0.02996013729741686,0.03998511403797724,1.3346105073231667,8.10543379257226
1.2756407619846296e-08,-0.03063205426735674,-0.03998332431597601,0.03063205426735674,0.03998332431597601,1.3052772748115857,8.672477594791792
1.3041875797745551e-08,-0.03131931258274222,-0.039981189633870866,0.03131931258274222,0.039981189633870866,1.276566640096104,9.34528827442415
1.3333732300870946e-08,-0.03202235221778665,-0.03997860561277548,0.03202235221778665,0.03997860561277548,1.2484593680338565,10.156128056275907
1.3632120089812733e-08,-0.032741667359463045,-0.03997542117113538,0.032741667359463045,0.03997542117113538,1.2209341916602676,11.151950588144064
1.3937185324392404e-08,-0.03347783612295107,-0.03997140897734447,0.03347783612295107,0.03997140897734447,1.193966325378529,12.403927807845404
1.4249077435256615e-08,-0.03423157612513826,-0.03996621004806915,0.03423157612513826,0.03996621004806915,1.1675246825319157,14.025597577506032
1.4567949197072982e-08,-0.035003857094845076,-0.03995922131369318,0.035003857094845076,0.03995922131369318,1.1415662338416377,16.210513187616222
1.4893956803363873e-08,-0.035796154276116786,-0.03994934239462687,0.035796154276116786,0.03994934239462687,1.1160233048073853,19.319808902718275
1.522725994301517e-08,-0.036611107823799345,-0.03993431638935237,0.036611107823799345,0.03993431638935237,1.0907705000773766,24.121907870251018
1.5568021878496725e-08,-0.0374546626670165,-0.03990859019867541,0.0374546626670165,0.03990859019867541,1.065517277607733,32.641586090913634
1.591640952583374e-08,-0.03834646098784647,-0.03985292223898013,0.03834646098784647,0.03985292223898013,1.0392855354138448,53.140308085774244
1.6272593536367297e-08,-0.039527112429888114,-0.039527112429888114,0.039527112429888114,0.039527112429888114,1.0,228.7992849821099
1.6636748380345032e-08,-0.03996409824656845,-0.03996409824656845,0.03996409824656845,0.03996409824656845,1.0,77.800893213075
1.7009052432382116e-08,-0.0404108631129934,-0.0404108631129934,0.0404108631129934,0.0404108631129934,1.0,121.23004426738818
1.738968805883469e-08,-0.04018757481248149,-0.04154767692510088,0.04018757481248149,0.04154767692510088,1.0338438464865258,58.856560487814455
1.777884170712892e-08,-0.04011898662933942,-0.04255023387240863,0.04011898662933942,0.04255023387240863,1.06060091361558,32.946973660894
1.8176703997088777e-08,-0.04008974124971914,-0.04353434875634382,0.04008974124971914,0.04353434875634382,1.0859224180362803,23.27611245269473
1.858346981430755e-08,-0.04007323273037854,-0.04452709524557398,0.04007323273037854,0.04452709524557398,1.1111430800994269,18.02409466174787
1.8999338405609286e-08,-0.040062598904845724,-0.04553581369895018,0.040062598904845724,0.04553581369895018,1.1366165686630592,14.690264542971782
1.9424513476645898e-08,-0.04005518567017594,-0.0465636471129831,0.04005518567017594,0.0465636471129831,1.162487361721386,12.377259998530969
1.9859203291678986e-08,-0.040049736593843414,-0.04761235175442763,0.040049736593843414,0.04761235175442763,1.188830584262738,10.676218983046885
2.0303620775593966e-08,-0.04004557668634755,-0.04868311363251055,0.04004557668634755,0.04868311363251055,1.215692659736568,9.372357346214573
2.0757983618197736e-08,-0.04004230995555677,-0.049776851194900995,0.04004230995555677,0.049776851194900995,1.2431063854744808,8.341453244332833
2.1222514380849933e-08,-0.040039688412729306,-0.05089434657760482,0.040039688412729306,0.05089434657760482,1.2710974684164782,7.506454652640247
2.169744060548044e-08,-0.04003754870156489,-0.05203630923755479,0.04003754870156489,0.05203630923755479,1.299687691307658,6.8169419620802865
2.2182994926046942e-08,-0.04003577877851731,-0.05320340953979621,0.04003577877851731,0.05320340953979621,1.32889658108373,6.238495032302828
2.2679415182486096e-08,-0.04003429921080924,-0.05439629773295481,0.04003429921080924,0.05439629773295481,1.3587423485676462,5.746792136930223
2.3186944537215387e-08,-0.04003305210998854,-0.05561561529528505,0.04003305210998854,0.05561561529528505,1.3892424475277154,5.324147858848616
2.3705831594241695e-08,-0.04003199429137948,-0.056862002061079234,0.04003199429137948,0.056862002061079234,1.4204139231035997,4.957387161725769
2.4236330520935267e-08,-0.04003109288737047,-0.05813610089963742,0.04003109288737047,0.05813610089963742,1.4522736379745194,4.636489199417098
2.477870117252933e-08,-0.040030322444534056,-0.05943856091694649,0.040030322444534056,0.05943856091694649,1.484838424654322,4.353693654531125
2.5333209219405045e-08,-0.040029662949752756,-0.06077003973503811,0.040029662949752756,0.06077003973503811,1.5181251915940366,4.102895184055848
2.5900126277225642e-08,-0.040029098455783785,-0.06213120517874598,0.040029098455783785,0.06213120517874598,1.5521509995379041,3.879222986994128
2.647973003998227e-08,-0.04002861610396356,-0.06352273657231124,0.04002861610396356,0.06352273657231124,1.5869331182304183,3.67874259099354
2.7072304416017168e-08,-0.04002820541624162,-0.0649453257738043,0.04002820541624162,0.0649453257738043,1.6224890698560381,3.4982402798654495
2.7678139667091365e-08,-0.040027857773704295,-0.06639967803036345,0.040027857773704295,0.06639967803036345,1.6588366633495868,3.33506459860167
2.8297532550563693e-08,-0.04002756602665944,-0.0678865127093399,0.04002756602665944,0.0678865127093399,1.6959940223226577,3.1870080349749528
2.8930786464752338e-08,-0.04002732419910608,-0.06940656394269568,0.04002732419910608,0.06940656394269568,1.7339796084657018,3.0522174679473713
2.9578211597548842e-08,-0.04002712726195905,-0.07096058121045264,0.04002712726195905,0.07096058121045264,1.7728122417091896,2.9291255337244118
3.024012507835778e-08,-0.04002697095705904,-0.07254932988133762,0.04002697095705904,0.07254932988133762,1.812511118045095,2.816397416838817
3.0916851133437256e-08,-0.04002685165917538,-0.07417359172359678,0.04002685165917538,0.07417359172359678,1.8530958256516763,2.71288916255324
3.160872124471475e-08,-0.04002676626676475,-0.07583416539539493,0.04002676626676475,0.07583416539539493,1.8945863597870005,2.6176146965048708
3.231607431215789e-08,-0.04002671211473095,-0.07753186692174549,0.04002671211473095,0.07753186692174549,1.9370031367930314,2.5297194964485614
3.303925681977831e-08,-0.04002668690418572,-0.07926753016315896,0.04002668690418572,0.07926753016315896,1.980367007464455,2.448459397147588
3.377862300535027e-08,-0.040026688645468954,-0.08104200727994734,0.040026688645468954,0.08104200727994734,2.0246992699737443,2.3731833932962982
3.453453503392806e-08,-0.04002671561159976,-0.08285616919521478,0.04002671561159976,0.08285616919521478,2.0700216824985516,2.3033195834851585
3.530736317524543e-08,-0.04002676629999887,-0.08471090605889367,0.04002676629999887,0.08471090605889367,2.116356475664037,2.2383636020273907
3.6097485985086e-08,-0.04002683940081979,-0.08660712771470266,0.04002683940081979,0.08660712771470266,2.163726364888277,2.1778690363806894
3.690529049071136e-08,-0.04002693377059721,-0.08854576417152525,0.04002693377059721,0.08854576417152525,2.212154562700198,2.1214394407355797
3.773117238043981e-08,-0.04002704841020233,-0.0905277660804438,0.04002704841020233,0.0905277660804438,2.2616647910858583,2.068721641474863
3.8575536197466903e-08,-0.040027182446308,-0.09255410521844332,0.040027182446308,0.09255410521844332,2.312281293908067,2.0194000949845616
3.943879553802326e-08,-0.04002733511573141,-0.09462577497964747,0.04002733511573141,0.09462577497964747,2.3640288494363935,1.9731921079735373
4.0321373253967666e-08,-0.04002750575214883,-0.09674379087482743,0.04002750575214883,0.09674379087482743,2.4169327830184337,1.9298437688407268
4.122370165991309e-08,-0.040027693774775996,-0.09890919103982362,0.040027693774775996,0.09890919103982362,2.471018979918164,1.8891264684920503
4.2146222744987874e-08,-0.04002789867868555,-0.10112303675345513,0.04002789867868555,0.10112303675345513,2.52631389834366,1.8508339123982567
4.308938838933664e-08,-0.04002812002649442,-0.1033864129654344,0.04002812002649442,0.1033864129654344,2.5828445826834594,1.814779544119686
4.4053660585464875e-08,-0.04002835744120259,-0.10570042883475547,0.04002835744120259,0.10570042883475547,2.6406386769684014,1.780794315141117
4.503951166453822e-08,-0.04002861060000375,-0.1080662182790012,0.04002861060000375,0.1080662182790012,2.6997244385742203,1.748724747516386
4.604742452774459e-08,-0.04002887922892022,-0.11048494053497773,0.04002887922892022,0.11048494053497773,2.7601307521783958,1.7184312451701413
4.7077892882835136e-08,-0.04002916309813856,-0.11295778073107675,0.04002916309813856,0.11295778073107675,2.82188714398402,1.689786617239466
4.8131421485957745e-08,-0.040029462017944425,-0.11548595047174108,0.040029462017944425,0.11548595047174108,2.885023796222167,1.6626747829445585
4.9208526388902335e-08,-0.04002977583517055,-0.11807068843440512,0.04002977583517055,0.11807068843440512,2.9495715619438236,1.63698963245021
5.030973519188e-08,-0.04003010443008655,-0.12071326097927496,0.04003010443008655,0.12071326097927496,3.015561980111826,1.612634022249031
5.143558730195808e-08,-0.04003044771366987,-0.1234149627723015,0.04003044771366987,0.1234149627723015,3.0830272910027166,1.589518886942778
5.258663419727857e-08,-0.04003080562520671,-0.12617711742170323,0.04003080562520671,0.12617711742170323,3.152000451928244,1.567562452061003
5.3763439697190365e-08,-0.040031178130179854,-0.1290010781283961,0.040031178130179854,0.1290010781283961,3.2225151532860097,1.54668953484803
5.496658023842504e-08,-0.04003156521840613,-0.13188822835067712,0.04003156521840613,0.13188822835067712,3.2946058349483716,1.5268309218586427
5.619664515745477e-08,-0.040031966902392274,-0.1348399824835279,0.040031966902392274,0.1348399824835279,3.3683077029989748,1.507922813799733
5.7454236979167144e-08,-0.04003238321588193,-0.13785778655288672,0.04003238321588193,0.13785778655288672,3.443656746825775,1.4899063293966617
5.873997171200183e-08,-0.040032814212570975,-0.14094311892526076,0.040032814212570975,0.14094311892526076,3.5206897565797974,1.4727270611936525
6.00544791496907e-08,-0.04003325996497073,-0.14409749103303937,0.04003325996497073,0.14409749103303937,3.5994443410085832,1.4563346771545613
6.139840317975051e-08,-0.04003372056340228,-0.14732244811588158,0.04003372056340228,0.14732244811588158,3.6799589456734054,1.4406825627428226
6.277240209888013e-08,-0.04003419611510649,-0.15061956997855916,0.04003419611510649,0.15061956997855916,3.7622728715595324,1.4257274988517668
6.417714893541487e-08,-0.040034686743457365,-0.1539904717656337,0.040034686743457365,0.1539904717656337,3.846426294088575,1.411429371548442
6.561333177899674e-08,-0.04003519258726672,-0.15743680475335983,0.04003519258726672,0.15743680475335983,3.9324602825423387,1.397750910101605
6.708165411762355e-08,-0.0400357138001711,-0.16096025715921597,0.0400357138001711,0.16096025715921597,4.020416819907632,1.3846574502011424
6.858283518223859e-08,-0.04003625055009177,-0.16456255496945907,0.04003625055009177,0.16456255496945907,4.110338823151406,1.3721167196527815
7.011761029903394e-08,-0.04003680301876064,-0.16824546278512653,0.04003680301876064,0.16824546278512653,4.202270163936148,1.3600986441575966
7.168673124963545e-08,-0.0400373714013052,-0.17201078468689449,0.0400373714013052,0.17201078468689449,4.296255689785045,1.3485751710683034
7.329096663935026e-08,-0.040037955905887074,-0.17586036511923295,0.040037955905887074,0.17586036511923295,4.392341245707175,1.3375201092597848
7.493110227365375e-08,-0.04003855675338874,-0.1797960897942876,0.04003855675338874,0.1797960897942876,4.490573696292642,1.326908983465247
7.660794154310149e-08,-0.04003917417714392,-0.18381988661593682,0.04003917417714392,0.18381988661593682,4.591000948288017,1.3167189016161915
7.83223058168566e-08,-0.0400398084227081,-0.18793372662448712,0.0400398084227081,0.18793372662448712,4.69367197366266,1.3069284338878369
8.007503484502116e-08,-0.04004045974766493,-0.192139624962461,0.04004045974766493,0.192139624962461,4.798636833176376,1.2975175022950376
8.186698716997367e-08,-0.04004112842146626,-0.1964396418619665,0.04004112842146626,0.1964396418619665,4.905946700459475,1.2884672798096204
8.369904054690988e-08,-0.040041814725302244,-0.20083588365412408,0.040041814725302244,0.20083588365412408,5.015653886616103,1.2797600980809831
8.557209237379467e-08,-0.04004251895199962,-0.2053305038010526,0.04004251895199962,0.2053305038010526,5.127811865362156,1.2713793629395191
8.748706013093728e-08,-0.04004324140594559,-0.20992570395092489,0.04004324140594559,0.20992570395092489,5.2424752987093415,1.2633094769487834
8.944488183040096e-08,-0.040043982403035805,-0.21462373501660223,0.040043982403035805,0.21462373501660223,5.359700063206781,1.2555357683487292
9.144651647547231e-08,-0.04004474227064425,-0.21942689827838996,0.04004474227064425,0.21942689827838996,5.4795432767523655,1.2480444257999892
9.349294453041102e-08,-0.040045521347613855,-0.2243375465114455,0.040045521347613855,0.2243375465114455,5.6020633259857116,1.2408224383992907
9.558516840071188e-08,-0.04004631998426625,-0.2293580851383961,0.04004631998426625,0.2293580851383961,5.727319894275137,1.2338575404894365
9.772421292411615e-08,-0.04004713854242958,-0.23449097340773775,0.04004713854242958,0.23449097340773775,5.855373990311359,1.22713816083481
9.991112587260813e-08,-0.04004797739548316,-0.23973872559858078,0.04004797739548316,0.23973872559858078,5.98628797732042,1.2206533757756906
1.0214697846564877e-07,-0.04004883692841807,-0.24510391225234884,0.04004883692841807,0.24510391225234884,6.1201256029092495,1.2143928660124257
1.0443286589489132e-07,-0.04004971753791292,-0.25058916143201954,0.04004971753791292,0.25058916143201954,6.256952029556768,1.2083468767042784
1.0676990786064253e-07,-0.04005061963242379,-0.25619716000953985,0.04005061963242379,0.25619716000953985,6.39683386576447,1.2025061805979036
1.0915924912032676e-07,-0.040051543632287884,-0.2619306549820347,0.040051543632287884,0.2619306549820347,6.539839197879933,1.1968620439275013
1.1160206004922393e-07,-0.04005248996984004,-0.2677924548174611,0.04005248996984004,0.2677924548174611,6.686037622607527,1.1914061948528616
1.1409953721375783e-07,-0.040053459089541804,-0.2737854308303676,0.040053459089541804,0.2737854308303676,6.835500280220606,1.186130794223314
1.1665290395761172e-07,-0.040054451448122586,-0.27991251858842997,0.040054451448122586,0.27991251858842997,6.98829988848967,1.1810284084751108
1.192634110009602e-07,-0.040055467514732046,-0.2861767193504533,0.040055467514732046,0.2861767193504533,7.144510777341447,1.1760919844873716
1.2193233705311348e-07,-0.040056507771104144,-0.2925811015365521,0.040056507771104144,0.2925811015365521,7.304208924264073,1.1713148262375066
1.246609894388677e-07,-0.04005757271173149,-0.29912880223121424,0.04005757271173149,0.29912880223121424,7.467471990473593,1.166690573111357
1.2745070473887635e-07,-0.04005866284405052,-0.30582302872000544,0.04005866284405052,0.30582302872000544,7.634379357857823,1.1622131797360993
1.3030284944434775e-07,-0.04005977868863736,-0.3126670600606444,0.04005977868863736,0.3126670600606444,7.805012166712991,1.1578768972156253
1.332188206263978e-07,-0.04006092077941298,-0.3196642486892423,0.04006092077941298,0.3196642486892423,7.979453354290237,1.153676255658592
1.36200046620379e-07,-0.04006208966385899,-0.32681802206247274,0.04006208966385899,0.32681802206247274,8.157787694167721,1.149606047898843
1.3924798772552362e-07,-0.04006328590324304,-0.3341318843364885,0.04006328590324304,0.3341318843364885,8.34010183646572,1.1456613143165166
1.423641369202464e-07,-0.040064510072853166,-0.34160941808340883,0.040064510072853166,0.34160941808340883,8.526484348921963,1.1418373286759411
1.4555002059345193e-07,-0.04006576276224316,-0.3492542860462099,0.04006576276224316,0.3492542860462099,8.717025758844088,1.1381295849035007
1.4880719929220762e-07,-0.040067044575485766,-0.3570702329328822,0.040067044575485766,0.3570702329328822,8.911818595957751,1.1345337847350863
1.5213726848615125e-07,-0.04006835613143633,-0.36506108725074116,0.04006835613143633,0.36506108725074116,9.110957436168091,1.1310458261685676
1.5554185934900036e-07,-0.04006969806400551,-0.3732307631817732,0.04006969806400551,0.3732307631817732,9.314538946252885,1.1276617926620394
1.5902263955755538e-07,-0.04007107102244134,-0.3815832624999569,0.04007107102244134,0.3815832624999569,9.52266192950659,1.1243779430234244
1.6258131410857826e-07,-0.04007247567162059,-0.39012267653147503,0.04007247567162059,0.39012267653147503,9.735427372353756,1.1211907019414225
1.6621962615395621e-07,-0.04007391269234928,-0.3988531881588024,0.04007391269234928,0.3988531881588024,9.952938491951887,1.1180966511117874
1.6993935785455213e-07,-0.04007538278167355,-0.4077790738696308,0.04007538278167355,0.4077790738696308,10.175300784802683,1.115092520916603
1.7374233125316232e-07,-0.04007688665319825,-0.4169047058516425,0.04007688665319825,0.4169047058516425,10.40262207639256,1.1121751826175406
1.776304091670133e-07,-0.040078425037416654,-0.4262345541341677,0.040078425037416654,0.4262345541341677,10.635012571882282,1.1093416410271517
1.8160549610022763e-07,-0.040079998682048756,-0.435773188777757,0.040079998682048756,0.435773188777757,10.872584907866612,1.106589027625038
1.8566953917670954e-07,-0.04008160835238972,-0.4455252821127515,0.04008160835238972,0.4455252821127515,11.115454205224992,1.1039145940882942
1.8982452909391073e-07,-0.04008325483166747,-0.4554956110279564,0.04008325483166747,0.4554956110279564,11.363738123085144,1.1013157062079453
1.9407250109793414e-07,-0.04008493892141057,-0.46568905931051285,0.04008493892141057,0.46568905931051285,11.617556913920463,1.0987898381652719
1.9841553598046528e-07,-0.040086661441826155,-0.4761106200381484,0.040086661441826155,0.4761106200381484,11.877033479804277,1.0963345671438491
2.0285576109800704e-07,-0.040088423232186976,-0.4867653980249429,0.040088423232186976,0.4867653980249429,12.142293429842837,1.0939475682549549
2.0739535141392916e-07,-0.04009022515123006,-0.4976586123218398,0.04009022515123006,0.4976586123218398,12.413465138810038,1.0916266097556366
2.120365305638334e-07,-0.040092068077564436,-0.5087955987731044,0.040092068077564436,0.5087955987731044,12.690679807007188,1.0893695485402697
2.167815719447595e-07,-0.04009395291008977,-0.5201818126299873,0.04009395291008977,0.5201818126299873,12.974071521371043,1.0871743258878166
2.216327998287699e-07,-0.040095880568426,-0.5318228312228888,0.040095880568426,0.5318228312228888,13.263777317854425,1.085038963448296
2.2659259050145083e-07,-0.04009785199335303,-0.5437243566933061,0.04009785199335303,0.5437243566933061,13.559937245103269,1.0829615594531594
2.316633734258915e-07,-0.040099868147262296,-0.555892218786921,0.040099868147262296,0.555892218786921,13.862694429454699,1.0809402851353482
2.3684763243271326e-07,-0.04010193001461826,-0.5683323777091925,0.04010193001461826,0.5683323777091925,14.172195141281723,1.078973381345823
2.421479069367298e-07,-0.0401040386024325,-0.5810509270448518,0.0401040386024325,0.5810509270448518,14.488588862708912,1.0770591553542856
2.4756679318083206e-07,-0.04010619494074874,-0.5940540967427261,0.04010619494074874,0.5940540967427261,14.812028356725376,1.0751959778226563
2.5310694550770943e-07,-0.04010840008313932,-0.6073482561673532,0.04010840008313932,0.6073482561673532,15.142669737720826,1.073382279940678
2.5877107766003367e-07,-0.040110655107214566,-0.6209399172188973,0.040110655107214566,0.6209399172188973,15.480672543471147,1.0716165507137378
2.6456196410973514e-07,-0.040112961115143064,-0.6348357375228698,0.040112961115143064,0.6348357375228698,15.826199808600334,1.0698973343936686
2.7048244141702564e-07,-0.04011531923418532,-0.6490425236912297,0.04011531923418532,0.6490425236912297,16.179418139545334,1.0682232280439363
2.7653540961983937e-07,-0.04011773061724033,-0.6635672346564729,0.04011773061724033,0.6635672346564729,16.540497791051752,1.0665928792311723
2.827238336543595e-07,-0.04012019644340348,-0.6784169850803135,0.04012019644340348,0.6784169850803135,16.909612744228177,1.0650049838355695
2.890507448073425e-07,-0.04012271791853961,-0.6935990488386627,0.04012271791853961,0.6935990488386627,17.286940786186612,1.0634582839731344
2.95519242200934e-07,-0.04012529627586803,-0.7091208625845754,0.04012529627586803,0.7091208625845754,17.672663591297933,1.061951566023269
3.021324943107218e-07,-0.04012793277656146,-0.7249900293909467,0.04012793277656146,0.7249900293909467,18.06696680409139,1.0604836587555697
3.0889374051775373e-07,-0.04013062871035955,-0.7412143224747113,0.04013062871035955,0.7412143224747113,18.47004012382617,1.0590534315501294
3.158062926952878e-07,-0.040133385396196375,-0.7578016890043819,0.040133385396196375,0.7578016890043819,18.882077390765104,1.0576597927059928
3.228735368310566e-07,-0.040136204182841695,-0.7747602539928063,0.040136204182841695,0.7747602539928063,19.30327667418081,1.056301687832778
3.3009893468582974e-07,-0.04013908644955855,-0.7920983242770216,0.04013908644955855,0.7920983242770216,19.73384036212247,1.054978098320755
3.374860254890928e-07,-0.040142033606774485,-0.8098243925871702,0.040142033606774485,0.8098243925871702,20.17397525297527,1.053688039885015
3.450384276726782e-07,-0.040145047096769026,-0.8279471417064826,0.040145047096769026,0.8279471417064826,20.6238926488423,1.052430561179592
3.5275984064318356e-07,-0.040148128394377314,-0.8464754487243324,0.040148128394377314,0.8464754487243324,21.083808450778992,1.051204742477703
3.6065404659406354e-07,-0.04015127900770832,-0.8654183893844851,0.04015127900770832,0.8654183893844851,21.55394325591323,1.0500096944144595
3.6872491235826303e-07,-0.040154500478881916,-0.8847852425306304,0.040154500478881916,0.8847852425306304,22.03452245647925,1.0488445567886757
3.7697639130231973e-07,-0.04015779438478051,-0.9045854946514171,0.04015779438478051,0.9045854946514171,22.52577634080043,1.0477084974205644
3.854125252628467e-07,-0.040161162337818634,-0.9248288445271808,0.040161162337818634,0.9248288445271808,23.027940196250135,1.046600711062333
3.940374465263498e-07,-0.040164605986730884,-0.9455252079806528,0.040164605986730884,0.9455252079806528,23.54125441422292,1.045520418358859
4.0285537985335786e-07,-0.04016812701737649,-0.9666847227339975,0.04016812701737649,0.9666847227339975,24.065964597149765,1.0444668648557924
4.1187064454784217e-07,-0.04017172715356365,-0.9883177533745218,0.04017172715356365,0.9883177533745218,24.60232166758724,1.043439320052601
4.210876565729463e-07,-0.040175408157890447,-1.0104348964315033,0.040175408157890447,1.0104348964315033,25.150581979415534,1.0424370764982045
4.3051093071407127e-07,-0.04017917183260711,-1.0330469855666489,0.04017917183260711,1.0330469855666489,25.711007431175755,1.0414594489269957
4.401450827903537e-07,-0.040183020020496674,-1.0561650968806702,0.040183020020496674,1.0561650968806702,26.28386558157994,1.0405057734331677
4.499948319156481e-07,-0.04018695460577559,-1.079800554338644,0.04018695460577559,1.079800554338644,26.869429767227423,1.0395754066813907
4.600650028100913e-07,-0.04019097751501488,-1.1039649353167398,0.04019097751501488,1.1039649353167398,27.46797922255838,1.0386677251519887
4.703605281634104e-07,-0.040195090718082804,-1.128670076273109,0.040195090718082804,1.128670076273109,28.079799202078863,1.0377821244188747
4.808864510511081e-07,-0.040199296229106674,-1.1539280785456436,0.040199296229106674,1.1539280785456436,28.70518110489037,1.0369180184586138
4.91647927404718e-07,-0.04020359610745916,-1.1797513142794809,0.04020359610745916,1.1797513142794809,29.344422601554196,1.0360748389890413
5.026502285373507e-07,-0.04020799245876594,-1.2061524324871697,0.04020799245876594,1.2061524324871697,29.99782776332596,1.0352520348360028
5.138987437257458e-07,-0.0402124874359342,-1.2331443652444218,0.0402124874359342,1.2331443652444218,30.6657071937926,1.034449071326811
5.253989828501099e-07,-0.040217083240206675,-1.2607403340245131,0.040217083240206675,1.2607403340245131,31.348378162941938,1.0336654297091274
5.371565790930364e-07,-0.0402217821222397,-1.2889538561744518,0.0402217821222397,1.2889538561744518,32.04616474369878,1.032900606594031
5.491772916988099e-07,-0.04022658638320209,-1.3177987515360303,0.04022658638320209,1.3177987515360303,32.7593979509611,1.0321541134221113
5.614670087944758e-07,-0.04023149837590334,-1.3472891492150785,0.04023149837590334,1.3472891492150785,33.48841588316376,1.0314254759514818
5.740317502740226e-07,-0.04023652050594406,-1.3774394945021458,0.04023652050594406,1.3774394945021458,34.233563866404886,1.0307142337666724
5.868776707471256e-07,-0.04024165523289347,-1.4082645559480989,0.04024165523289347,1.4082645559480989,34.99519460116505,1.0300199398074128
6.000110625538669e-07,-0.04024690507149287,-1.439779432598012,0.04024690507149287,1.439779432598012,35.773668311649054,1.0293421599163721
6.134383588469197e-07,-0.040252272592887106,-1.4719995613869352,0.040252272592887106,1.4719995613869352,36.56935289778021,1.028680472404975
6.271661367427184e-07,-0.04025776042588225,-1.5049407247011812,0.04025776042588225,1.5049407247011812,37.38262408987945,1.0280344676364497
6.412011205431355e-07,-0.04026337125823343,-1.5386190581087829,0.04026337125823343,1.5386190581087829,38.21386560605384,1.0274037476253217
6.555501850292556e-07,-0.040269107837960005,-1.5730510582629376,0.040269107837960005,1.5730510582629376,39.06346931232701,1.0267879256525878
6.702203588288648e-07,-0.040274972974690515,-1.6082535909823141,0.040274972974690515,1.6082535909823141,39.931835385537525,1.026186625895877
6.852188278592978e-07,-0.04028096954103866,-1.6442438995121715,0.04028096954103866,1.6442438995121715,40.8193724790313,1.025599483073898
7.005529388473265e-07,-0.04028710047400952,-1.6810396129703196,0.04028710047400952,1.6810396129703196,41.72649789117515,1.0250261421045495
7.162302029278157e-07,-0.04029336877643752,-1.7186587549820627,0.04029336877643752,1.7186587549820627,42.65363773671583,1.0244662577760764
7.322582993229247e-07,-0.040299777518456814,-1.7571197525084012,0.040299777518456814,1.7571197525084012,43.60122712100983,1.0239194944306893
7.486450791036294e-07,-0.04030632983900384,-1.7964414448717325,0.04030632983900384,1.7964414448717325,44.569710317145834,1.0233855256601054
7.65398569035422e-07,-0.040313028947355,-1.8366430929835198,0.040313028947355,1.8366430929835198,45.55954094598056,1.0228640340124855
7.825269755100869e-07,-0.04031987812469806,-1.8777443887784755,0.04031987812469806,1.8777443887784755,46.57118215911118,1.0223547107102662
8.000386885654393e-07,-0.040326880725737535,-1.9197654648597822,0.040326880725737535,1.9197654648597822,47.60510682480195,1.0218572553784235
8.179422859950452e-07,-0.04033404018033915,-1.962726904360201,0.04033404018033915,1.962726904360201,48.66179771688068,1.0213713757827168
8.362465375498845e-07,-0.04034135999520849,-2.006649751023764,0.04034135999520849,2.006649751023764,49.74174770662422,1.0208967875774804
8.54960409234065e-07,-0.04034884375560788,-2.0515555195131023,0.04034884375560788,2.0515555195131023,50.845459957646675,1.0204332140625647
8.740930676966511e-07,-0.0403564951271127,-2.097466205947385,0.0403564951271127,2.097466205947385,51.97344812380014,1.0199803859490397
8.936538847217751e-07,-0.04036431785740513,-2.1444042986760232,0.04036431785740513,2.1444042986760232,53.1262365501023,1.0195380411332868
9.136524418192448e-07,-0.040372315778111734,-2.19239278929349,0.040372315778111734,2.19239278929349,54.304360476693745,1.0191059244791365
9.340985349178666e-07,-0.04038049280667666,-2.241455183900561,0.04038049280667666,2.241455183900561,55.50836624584113,1.0186837876077128
9.55002179163797e-07,-0.04038885294828365,-2.2916155146175132,0.04038885294828365,2.2916155146175132,56.7388115119743,1.018271388694671
9.763736138262927e-07,-0.04039740029781447,-2.3428983513549806,0.04039740029781447,2.3428983513549806,57.99626545477812,1.0178684922745223
9.982233073132148e-07,-0.04040613904185575,-2.395328813848105,0.04040613904185575,2.395328813848105,59.28130899531978,1.0174748690517588
1.0205619622988028e-06,-0.04041507346074846,-2.4489325839600244,0.04041507346074846,2.4489325839600244,60.59453501522032,1.0170902957185022
1.0434005209661692e-06,-0.040424207930684464,-2.5037359182605585,0.040424207930684464,2.5037359182605585,61.93654857885462,1.0167145547784138
1.0667501703671428e-06,-0.040433546925850106,-2.559765660886405,0.040433546925850106,2.559765660886405,63.307967158574634,1.0163474343766183
1.0906223479020355e-06,-0.04044309502061649,-2.6170492566890218,0.04044309502061649,2.6170492566890218,64.70942086294188,1.015988728135397
1.1150287469220384e-06,-0.04045285689178035,-2.6756147646766686,0.04045285689178035,2.6756147646766686,66.14155266794837,1.015638234995426
1.1399813224570095e-06,-0.040462837320854206,-2.7354908717572433,0.040462837320854206,2.7354908717572433,67.60501865121046,1.0152957590623417
1.1654922970714212e-06,-0.04047304119640849,-2.796706906788543,0.04047304119640849,2.796706906788543,69.10048822910589,1.0149611094584212
1.1915741668513558e-06,-0.040483473516463864,-2.8592928549428684,0.040483473516463864,2.8592928549428684,70.62864439683142,1.0146341001791854
1.2182397075254878e-06,-0.040494139390941264,-2.9232793723930253,0.040494139390941264,2.9232793723930253,72.19018397133728,1.0143145499547306
1.2455019807230584e-06,-0.040505044044163,-2.9886978013269214,0.040505044044163,2.9886978013269214,73.78581783711476,1.0140022821156034
1.2733743403718488e-06,-0.04051619281741203,-3.055580185297963,0.04051619281741203,3.055580185297963,75.41627119478049,1.0136971244630568
1.3018704392393734e-06,-0.040527591171546806,-3.123959284918973,0.040527591171546806,3.123959284918973,77.08228381242185,1.01339890914351
1.3310042356204436e-06,-0.0405392446896764,-3.1938685939071787,0.0405392446896764,3.1938685939071787,78.78461027964143,1.0131074725270555
1.3607900001743784e-06,-0.04055115907989526,-3.265342355488125,0.04055115907989526,3.265342355488125,80.52402026424541,1.0128226550898707
1.3912423229152184e-06,-0.040563340178077834,-3.338415579166552,0.040563340178077834,3.338415579166552,82.30129877151425,1.0125443013003745
1.4223761203583959e-06,-0.04057579395073496,-3.4131240578725044,0.04057579395073496,3.4131240578725044,84.11724640598638,1.0122722595090006
1.4542066428273082e-06,-0.04058852649793954,-3.4895043854909438,0.04058852649793954,3.4895043854909438,85.97267963566225,1.0120063818414475
1.486749481923407e-06,-0.04060154405631078,-3.5675939747835073,0.04060154405631078,3.5675939747835073,87.86843105857174,1.0117465240952854
1.5200205781634635e-06,-0.040614853002070905,-3.647431075711185,0.040614853002070905,3.647431075711185,89.80534967158952,1.0114925456397883
1.5540362287877485e-06,-0.04062845985416441,-3.7290547941668692,0.04062845985416441,3.7290547941668692,91.7843011414237,1.0112443093188799
1.588813095742931e-06,-0.040642371277454625,-3.812505111126894,0.040642371277454625,3.812505111126894,93.80616807764338,1.011001681357084
1.6243682138436203e-06,-0.04065659408598288,-3.8978229022309425,0.04065659408598288,3.8978229022309425,95.87185030766732,1.0107645312683597
1.6607189991165787e-06,-0.040671135246310275,-3.985049957800003,0.040671135246310275,3.985049957800003,97.98226515355336,1.0105327317677377
1.6978832573316354e-06,-0.040686001880926526,-4.07422900330198,0.040686001880926526,4.07422900330198,100.13834771049268,1.010306158685636
1.735879192723508e-06,-0.04070120127173649,-4.165403720275066,0.04070120127173649,4.165403720275066,102.34105112685171,1.0100846908847798
1.7747254169088352e-06,-0.04071674086363064,-4.258618767719165,0.04071674086363064,4.258618767719165,104.59134688560216,1.0098682101796252
1.8144409580027288e-06,-0.04073262826812574,-4.353919803965671,0.04073262826812574,4.353919803965671,106.89022508701503,1.0096566012581967
1.8550452699393413e-06,-0.04074887126709559,-4.451353509036378,0.04074887126709559,4.451353509036378,109.23869473240632,1.0094497516062608
1.896558242001028e-06,-0.040765477816580464,-4.550967607502467,0.040765477816580464,4.550967607502467,111.63778400878846,1.0092475514337582
1.9390002085607577e-06,-0.040782456050683535,-4.652810891854713,0.040782456050683535,4.652810891854713,114.08854057421904,1.009049893603403
1.982391959042528e-06,-0.040799814285550795,-4.756933246396289,0.040799814285550795,4.756933246396289,116.59203184365845,1.0088566735613906
2.0267547481046704e-06,-0.04081756102344958,-4.8633856716698665,0.04081756102344958,4.8633856716698665,119.14934527508551,1.0086677892701328
2.0721103060510875e-06,-0.0408357049569279,-4.9722203094310276,0.0408357049569279,4.9722203094310276,121.76158865570106,1.0084831411429578
2.118480849475428e-06,-0.04085425497306705,-5.08349046818003,0.04085425497306705,5.08349046818003,124.42989038794843,1.0083026319807034
2.1658890921434723e-06,-0.04087322015784167,-5.197250649264468,0.04087322015784167,5.197250649264468,127.1553997750617,1.0081261669101456
2.2143582561190794e-06,-0.04089260980056064,-5.3135565735656725,0.04089260980056064,5.3135565735656725,129.93928730596264,1.007953653324197
2.2639120831390806e-06,-0.040912433398421655,-5.432465208781674,0.040912433398421655,5.432465208781674,132.78274493912775,1.0077850008238212
2.314574846242727e-06,-0.04093270066115373,-5.554034797320181,0.04093270066115373,5.554034797320181,135.68698638521826,1.0076201211616012
2.366371361661404e-06,-0.040953421515782296,-5.678324884815174,0.040953421515782296,5.678324884815174,138.65324738805785,1.0074589281869157
2.4193270009744207e-06,-0.04097460611147863,-5.805396349281037,0.04097460611147863,5.805396349281037,141.68278600376132,1.0073013377926587
2.473467703536806e-06,-0.040996264824534556,-5.9353114309183725,0.040996264824534556,5.9353114309183725,144.77688287754293,1.0071472678634692
2.5288199891852125e-06,-0.041018408263440165,-6.0681337625860525,0.041018408263440165,6.0681337625860525,147.93684151792402,1.0069966382254025
2.585410971228208e-06,-0.041041047274079645,-6.203928400954537,0.041041047274079645,6.203928400954537,151.16398856792236,1.006849370597019
2.6432683697272185e-06,-0.041064192945039935,-6.3427618583553915,0.041064192945039935,6.3427618583553915,154.4596740728475,1.006705388541822
2.702420525074686e-06,-0.04108785661304015,-6.484702135342661,0.04108785661304015,6.484702135342661,157.82527174426994,1.0065646174220246
2.762896411876097e-06,-0.0411120498684765,-6.629818753981984,0.0411120498684765,6.629818753981984,161.2621792197604,1.0064269843535851
2.824725653142704e-06,-0.04113678456110481,-6.778182791883737,0.04113678456110481,6.778182791883737,164.77181831787038,1.0062924181624793
2.8879385348017524e-06,-0.04116207280583151,-6.929866916996434,0.04116207280583151,6.929866916996434,168.35563528799423,1.0061608493421756
2.9525660205315287e-06,-0.041187926988651924,-7.084945423177806,0.041187926988651924,7.084945423177806,172.0151010544873,1.0060322100122652
3.018639766928359e-06,-0.0412143597727086,-7.243494266560622,0.0412143597727086,7.243494266560622,175.7517114546356,1.0059064338782182
3.086192139013005e-06,-0.04124138410449074,-7.4055911027308765,0.04124138410449074,7.4055911027308765,179.56698746986254,1.0057834561922299
3.155256226084063e-06,-0.041269013220169626,-7.5713153247365925,0.041269013220169626,7.5713153247365925,183.46247544964857,1.005663213715124
3.225865857926187e-06,-0.04129726065207873,-7.7407481019457425,0.04129726065207873,7.7407481019457425,187.43974732755322,1.0055456446792772
3.298055621380979e-06,-0.04132614023533421,-7.913972419772027,0.04132614023533421,7.913972419772027,191.50040082875952,1.0054306887525435
3.3718608772887054e-06,-0.04135566611461172,-8.091073120287888,0.04135566611461172,8.091073120287888,195.6460596684516,1.0053182870031325
3.447317777809168e-06,-0.041385852751059105,-8.272136943744593,0.041385852751059105,8.272136943744593,199.87837374047828,1.0052083818654276
3.52446328413023e-06,-0.041416714929379594,-8.457252571019563,0.041416714929379594,8.457252571019563,204.19901929547478,1.0051009171067102
3.6033351845724965e-06,-0.0414482677650696,-8.646510667011166,0.0414482677650696,8.646510667011166,208.60969910781134,1.0049958377947619
3.683972113099282e-06,-0.04148052671179947,-8.840003925002643,0.04148052671179947,8.840003925002643,213.11214263072586,1.0048930902663198
3.766413568240765e-06,-0.041513507569000296,-9.037827112016336,0.041513507569000296,9.037827112016336,217.70810613857216,1.0047926220963583
3.8506999324416044e-06,-0.04154722648956799,-9.240077115180197,0.04154722648956799,9.240077115180197,222.39937285585765,1.0046943820681775
3.936872491841524e-06,-0.04158169998778227,-9.446852989129106,0.04158169998778227,9.446852989129106,227.18775307177975,1.0045983201442703
4.02497345649862e-06,-0.04161694494738022,-9.658256004464157,0.04161694494738022,9.658256004464157,232.0750842397465,1.004504387437945
4.11504598106517e-06,-0.04165297862981454,-9.874389697293083,0.04165297862981454,9.874389697293083,237.06323106086705,1.0044125361856857
4.207134185926131e-06,-0.04168981868270549,-10.09535991987589,0.04168981868270549,10.09535991987589,242.15408555048057,1.0043227197202254
4.301283178810725e-06,-0.0417274831484562,-10.321274892400377,0.0417274831484562,10.321274892400377,247.34956708699156,1.004234892444314
4.3975390768876555e-06,-0.04176599047309537,-10.5522452559124,0.04176599047309537,10.5522452559124,252.65162244170645,1.0041490098051575
4.495949029354745e-06,-0.04180535951528519,-10.788384126426445,0.04180535951528519,10.788384126426445,258.06222578906215,1.0040650282695134
4.596561240534085e-06,-0.04184560955555483,-11.029807150242656,0.04184560955555483,11.029807150242656,263.5833786959018,1.0039829052994231
4.699424993484094e-06,-0.04188676030571692,-11.276632560497248,0.04188676030571692,11.276632560497248,269.2171100890358,1.0039025993285584
4.8045906741399065e-06,-0.0419288319185096,-11.528981234973184,0.0419288319185096,11.528981234973184,274.9654761997718,1.0038240697391723
4.9121097959939695e-06,-0.041971844997462426,-11.786976755199204,0.041971844997462426,11.786976755199204,280.83056048433974,1.0037472768396323
5.022035025329048e-06,-0.04201582060693987,-12.05074546686578,0.04201582060693987,12.05074546686578,286.8144735194182,1.0036721818425174
5.134420207015819e-06,-0.04206078028247617,-12.320416541586793,0.04206078028247617,12.320416541586793,292.91935287087057,1.0035987468432739
5.249320390887772e-06,-0.042106746041268295,-12.596122040036729,0.042106746041268295,12.596122040036729,299.1473629354172,1.0035269347993996
5.366791858706394e-06,-0.04215374039295128,-12.877996976493868,0.04215374039295128,12.877996976493868,305.500694753229,1.0034567095101552
5.486892151729783e-06,-0.04220178635060101,-13.16617938482037,0.04220178635060101,13.16617938482037,311.98156579058804,1.0033880355967784
5.609680098898165e-06,-0.042250907441971464,-13.460810385910724,0.042250907441971464,13.460810385910724,318.5922196913324,1.0033208784831937
5.735215845650143e-06,-0.04230112772099481,-13.762034256640979,0.04230112772099481,13.762034256640979,325.33492599561674,1.0032552043772032
5.863560883383914e-06,-0.04235247177953383,-14.06999850035206,0.04235247177953383,14.06999850035206,332.2119798247801,1.003190980252138
5.994778079577675e-06,-0.04240496475938649,-14.384853918900323,0.04240496475938649,14.384853918900323,339.2257015310026,1.0031281738289706
6.128931708584075e-06,-0.042458632364573035,-14.706754686310024,0.042458632364573035,14.706754686310024,346.3784363101898,1.003066753558865
6.26608748311391e-06,-0.042513500873885945,-15.035858424063091,0.042513500873885945,15.035858424063091,353.6725537768854,1.003006688606157
6.406312586424259e-06,-0.04256959715372055,-15.372326278061527,0.04256959715372055,15.372326278061527,361.11044749968926,1.0029479488317519
6.549675705226952e-06,-0.04262694867118988,-15.716322997299406,0.04262694867118988,15.716322997299406,368.69453449576935,1.0028905047769323
6.696247063333531e-06,-0.04268558350753793,-16.06801701428182,0.04268558350753793,16.06801701428182,376.42725468293855,1.0028343276475593
6.846098456053131e-06,-0.04274553037183537,-16.427580527229022,0.04274553037183537,16.427580527229022,384.3110702880178,1.0027793892986598
6.999303285360079e-06,-0.04280681861500213,-16.79518958410426,0.04280681861500213,16.79518958410426,392.348465209657,1.0027256622193903
7.155936595848467e-06,-0.042869478244103476,-17.171024168505532,0.042869478244103476,17.171024168505532,400.5419443346581,1.0026731195183636
7.31607511149147e-06,-0.04293353993702809,-17.55526828746177,0.04293353993702809,17.55526828746177,408.89403280536874,1.0026217349093371
7.479797273223139e-06,-0.04299903505739877,-17.948110061174642,0.04299903505739877,17.948110061174642,417.40727523806004,1.0025714826972392
7.647183277361235e-06,-0.04306599566990599,-18.349741814748118,0.04306599566990599,18.349741814748118,426.08423488907516,1.0025223377645414
7.818315114889947e-06,-0.043134454555929125,-18.76036017194933,0.043134454555929125,18.76036017194933,434.9274927685527,1.0024742755579539
7.993276611621794e-06,-0.043204445229498845,-19.18016615104464,0.043204445229498845,19.18016615104464,443.93964669980153,1.0024272720754432
8.172153469257982e-06,-0.043276001953653775,-19.609365262754768,0.043276001953653775,19.609365262754768,453.1233103223196,1.0023813038535625
8.355033307367925e-06,-0.04334915975710274,-20.048167610376293,0.04334915975710274,20.048167610376293,462.4811120379654,1.0023363479550844
8.542005706308122e-06,-0.04342395445131686,-20.496787992115113,0.04342395445131686,20.496787992115113,472.0156938975772,1.0022923819569287
8.73316225110143e-06,-0.04350042264794851,-20.955446005679626,0.04350042264794851,20.955446005679626,481.729710427719,1.0022493839383813
8.928596576298251e-06,-0.043578601776662396,-21.424366155181986,0.043578601776662396,21.424366155181986,491.62582739530103,1.0022073324695933
9.128404411841835e-06,-0.043658530103328985,-21.903777960397694,0.043658530103328985,21.903777960397694,501.70672050929903,1.0021662066003518
9.332683629959782e-06,-0.043740246748694034,-22.393916068432638,0.043740246748694034,22.393916068432638,511.975074056967,1.0021259858491218
9.541534293104938e-06,-0.04382379170733941,-22.895020367849867,0.04382379170733941,22.895020367849867,522.4335794754043,1.0020866501923418
9.755058702969183e-06,-0.04390920586718039,-23.407336105308097,0.04390920586718039,23.407336105308097,533.0849338544684,1.0020481800539804
9.973361450594179e-06,-0.04399653102931467,-23.93111400476568,0.04399653102931467,23.93111400476568,543.9318383719957,1.002010556295334
1.0196549467603163e-05,-0.04408580992833677,-24.466610389303074,0.04408580992833677,24.466610389303074,554.9769966588913,1.0019737602050687
1.0424732078579585e-05,-0.04417708625311079,-25.014087305620947,0.04417708625311079,25.014087305620947,566.223113093149,1.0019377734894956
1.0658021054617778e-05,-0.04427040466794452,-25.573812651268934,0.04427040466794452,25.573812651268934,577.6728910225327,1.0019025782630755
1.089653066807197e-05,-0.04436581083431079,-26.146060304662775,0.04436581083431079,26.146060304662775,589.3290309132011,1.0018681570391479
1.114037774853043e-05,-0.0444633514329702,-26.73111025794796,0.0444633514329702,26.73111025794796,601.1942284253109,1.0018344927208735
1.1389681740042456e-05,-0.044563074186608986,-27.32924875277016,0.044563074186608986,27.32924875277016,613.2711724134706,1.0018015685923964
1.1644564759625796e-05,-0.04466502788297788,-27.940768419011544,0.04466502788297788,27.940768419011544,625.5625428515616,1.001769368310204
1.1905151657083398e-05,-0.044769262398524745,-28.565968416555293,0.044769262398524745,28.565968416555293,638.0710086815416,1.0017378758946978
1.2171570076158857e-05,-0.04487582872253881,-29.20515458014081,0.04487582872253881,29.20515458014081,650.7992255856117,1.0017070757219524
1.2443950517060425e-05,-0.044984778981842055,-29.85863956737296,0.044984778981842055,29.85863956737296,663.7498336809723,1.0016769525156763
1.2722426400384115e-05,-0.04509616646598502,-30.526743009949755,0.04509616646598502,30.526743009949755,676.9254551376415,1.0016474913393487
1.3007134132467268e-05,-0.04521004565301823,-31.20979166817408,0.04521004565301823,31.20979166817408,690.3286917183308,1.00161867758855
1.3298213172204873e-05,-0.04532647223578934,-31.908119588817,0.04532647223578934,31.908119588817,703.9621222412862,1.0015904969834606
1.3595806099360876e-05,-0.0454455031488763,-32.62206826639882,0.0454455031488763,32.62206826639882,717.8282999647116,1.0015629355615432
1.3900058684408213e-05,-0.04556719659601072,-33.35198680795745,0.04556719659601072,33.35198680795745,731.9297498955054,1.001535979670385
1.421111995993197e-05,-0.04569161207817274,-34.0982321013741,0.04569161207817274,34.0982321013741,746.2689660202011,1.0015096159607133
1.452914229363021e-05,-0.04581881042224012,-34.86116898732588,0.04581881042224012,34.86116898732588,760.8484084607427,1.0014838313795675
1.4854281462948445e-05,-0.04594885381028746,-35.6411704349375,0.04594885381028746,35.6411704349375,775.6705005546368,1.001458613163632
1.5186696731384441e-05,-0.04608180580949295,-36.43861772120492,0.04608180580949295,36.43861772120492,790.7376258614086,1.00143394883272
1.55265509265006e-05,-0.04621773140268459,-37.25390061431076,0.04621773140268459,37.25390061431076,806.0521250973136,1.0014098261834081
1.5874010519682016e-05,-0.04635669701976042,-38.08741756183023,0.04635669701976042,38.08741756183023,821.6162930157589,1.0013862332827939
1.622924570767936e-05,-0.04649877056906604,-38.93957587927412,0.04649877056906604,38.93957587927412,837.4323751514244,1.0013631584624862
1.659243049597683e-05,-0.04664402147041358,-39.810791947762056,0.04664402147041358,39.810791947762056,853.5025645894221,1.0013405903126047
1.6963742784025497e-05,-0.04679252068813611,-40.701491412627185,0.04679252068813611,40.701491412627185,869.8289986105993,1.0013185176760073
1.7343364452383982e-05,-0.04694434076506582,-41.61210938704664,0.04694434076506582,41.61210938704664,886.4137552872567,1.0012969296426142
1.773148145180956e-05,-0.04709955585720138,-42.54309065997678,0.04709955585720138,42.54309065997678,903.2588500189024,1.001275815543877
1.8128283894342635e-05,-0.04725824176909299,-43.49488990847033,0.04725824176909299,43.49488990847033,920.3662320106902,1.001255164947364
1.8533966146429587e-05,-0.047420475990001876,-44.46797191445598,0.047420475990001876,44.46797191445598,937.7377806969208,1.0012349676514736
1.894872692412971e-05,-0.04758633773077747,-45.46281178606063,0.04758633773077747,45.46281178606063,955.3753021144258,1.001215213680267
1.9372769390452733e-05,-0.0477559079615375,-46.47989518355439,0.0477559079615375,46.47989518355439,973.2805252281914,1.001195893278417
1.9806301254874423e-05,-0.04792926945013676,-47.51971854999881,0.04792926945013676,47.51971854999881,991.4550982137538,1.0011769969062776
2.0249534875079194e-05,-0.048106506801381954,-48.582789346679675,0.048106506801381954,48.582789346679675,1009.9005847018607,1.0011585152350562
2.0702687360979877e-05,-0.048287706497134764,-49.66962629340635,0.048287706497134764,49.66962629340635,1028.6184599874005,1.001140439142105
2.116598068106493e-05,-0.04847295693723197,-50.78075961418822,0.04847295693723197,50.78075961418822,1047.6101072180236,1.0011227597063088
2.163964177112559e-05,-0.04866234848116591,-51.91673128701729,0.04866234848116591,51.91673128701729,1066.8768135411908,1.0011054682035878
2.2123902645416238e-05,-0.04885597349044701,-53.0780952980985,0.04885597349044701,53.0780952980985,1086.419766223204,1.0010885561025147
2.261900051030272e-05,-0.04905392637251538,-54.26541790525038,0.04905392637251538,54.26541790525038,1106.2400488221667,1.001072015059977
2.312517788045297e-05,-0.049256303624822806,-55.47927790223855,0.049256303624822806,55.47927790223855,1126.3386372801158,1.0010558369169982
2.3642682697628767e-05,-0.049463203880037554,-56.7202668899787,0.049463203880037554,56.7202668899787,1146.7163960414211,1.001040013694625
2.417176845213549e-05,-0.049674727952179865,-57.98898955316735,0.049674727952179865,57.98898955316735,1167.3740741769404,1.0010245375899163
2.471269430698968e-05,-0.049890978883631476,-59.28606394241847,0.049890978883631476,59.28606394241847,1188.312301522498,1.0010094009720143
2.5265725224865133e-05,-0.050112061993146995,-60.61212176198223,0.050112061993146995,60.61212176198223,1209.5315848362247,1.0009945963783107
2.5831132097880354e-05,-0.05033808492468239,-61.96780866312197,0.05033808492468239,61.96780866312197,1231.032303986939,1.000980116510695
2.640919188028998e-05,-0.05056915769738879,-63.35378454322019,0.05056915769738879,63.35378454322019,1252.8147081732302,1.00096595423189
2.7000187724145672e-05,-0.0508053927565868,-64.77072385225802,0.0508053927565868,64.77072385225802,1274.878912216669,1.0009521025618546
2.7604409117993005e-05,-0.051046905024890066,-66.2193158991413,0.051046905024890066,66.2193158991413,1297.2248928089427,1.0009385546743146
2.822215202867259e-05,-0.05129381195588678,-67.70026517365179,0.05129381195588678,67.70026517365179,1319.8524849717687,1.000925303893299
2.8853719046293342e-05,-0.051546233587700385,-69.21429166784439,0.051546233587700385,69.21429166784439,1342.761378483332,1.000912343689803
2.9499419532451127e-05,-0.05180429259770847,-70.76213120404643,0.05180429259770847,70.76213120404643,1365.9511143904037,1.0008996676785216
3.0159569771763977e-05,-0.05206811435829195,-72.34453576976527,0.05206811435829195,72.34453576976527,1389.4210816229465,1.000887269614647
3.083449312679821e-05,-0.052337826993834824,-73.96227385876239,0.052337826993834824,73.96227385876239,1413.1705136989128,1.0008751433907417
3.1524520196461534e-05,-0.052613561438505485,-75.61613081834102,0.052613561438505485,75.61613081834102,1437.198485541049,1.0008632830336783
3.2229988977941234e-05,-0.052895451497292356,-77.30690921537288,0.052895451497292356,77.30690921537288,1461.5039105835049,1.0008516827015912
3.295124503226578e-05,-0.05318363390644265,-79.03542919840845,0.05318363390644265,79.03542919840845,1486.0855378450196,1.000840336680956
3.3688641653571476e-05,-0.05347824837726023,-80.80252876068155,0.05347824837726023,80.80252876068155,1510.9419476618466,1.0008292393841671
3.4442540042157227e-05,-0.05377943768426974,-82.60906426929029,0.05377943768426974,82.60906426929029,1536.07155125486,1.0008183853460366
3.5213309481412126e-05,-0.05408734771735624,-84.45591077686426,0.05408734771735624,84.45591077686426,1561.4725872343517,1.0008077692213821
3.6001327518702036e-05,-0.054402127545770895,-86.34396240689495,0.054402127545770895,86.34396240689495,1587.1431192511723,1.0007973857823529
3.680698015030406e-05,-0.0547239294836146,-88.27413274543716,0.0547239294836146,88.27413274543716,1613.081033807489,1.0007872299158145
3.7630662010480225e-05,-0.05505290915611738,-90.24735523917182,0.05505290915611738,90.24735523917182,1639.2840382558368,1.000777296620789
3.847277656478168e-05,-0.05538922556712578,-92.26458359980361,0.05538922556712578,92.26458359980361,1665.7496589835666,1.0007675810059584
3.933373630767869e-05,-0.05573304116740019,-94.326792214761,0.05573304116740019,94.326792214761,1692.4752398032672,1.0007580782872134
4.021396296461403e-05,-0.056084521924404385,-96.43497656415232,0.056084521924404385,96.43497656415232,1719.457940537245,1.0007487837852627
4.111388769857725e-05,-0.05644383739254977,-98.59015364391311,0.05644383739254977,98.59015364391311,1746.694735835349,1.0007396929232926
4.203395132130185e-05,-0.05681116078497439,-100.79336239507036,0.05681116078497439,100.79336239507036,1774.1824142014104,1.0007308012246772
4.297460450918904e-05,-0.057186669046018324,-103.04566413903015,0.057186669046018324,103.04566413903015,1801.9175772610383,1.0007221043107393
4.393630802406356e-05,-0.057570542924807455,-105.34814301877779,0.057570542924807455,105.34814301877779,1829.8966392651946,1.0007135978985597
4.491953293886924e-05,-0.05796296704971837,-107.70190644585833,0.05796296704971837,107.70190644585833,1858.1158268429535,1.0007052777988343
4.592476086841528e-05,-0.05836413000389484,-110.10808555298718,0.05836413000389484,110.10808555298718,1886.5711790039409,1.0006971399137774
4.6952484205287004e-05,-0.05877422441592728,-112.56783573803304,0.05877422441592728,112.56783573803304,1915.2585483974194,1.000689180234926
4.800320636103514e-05,-0.059193446994910914,-115.08233687484629,0.059193446994910914,115.08233687484629,1944.173598890775,1.0006813948415751
4.9077442012762496e-05,-0.05962199865015805,-117.65279403056559,0.05962199865015805,117.65279403056559,1973.311809302349,1.00067377989836
5.0175717355229736e-05,-0.06006008456388656,-120.28043790227392,0.06006008456388656,120.28043790227392,2002.668474006731,1.0006663316534266
5.129857035860202e-05,-0.06050791426434898,-122.96652525519433,0.06050791426434898,122.96652525519433,2032.2387038160675,1.0006590464366234
5.2446551031963676e-05,-0.06096570170616644,-125.71233940510821,0.06096570170616644,125.71233940510821,2062.0174276185344,1.0006519206576605
5.362022169273031e-05,-0.06143366535144423,-128.51919070464757,0.06143366535144423,128.51919070464757,2091.999394296701,1.000644950804305
5.482015724209001e-05,-0.06191202825149844,-131.3884170330734,0.06191202825149844,131.3884170330734,2122.1791749310596,1.0006381334406227
5.6046945446607944e-05,-0.062401018128753094,-134.32138428910864,0.062401018128753094,134.32138428910864,2152.5511653024796,1.0006314652052468
5.730118722613282e-05,-0.06290086745971735,-137.31948688635313,0.06290086745971735,137.31948688635313,2183.1095886601975,1.00062494280969
5.858349694814716e-05,-0.06341181355747949,-140.3841482507615,0.06341181355747949,140.3841482507615,2213.84849880552,1.000618563036688
5.989450272870372e-05,-0.06393409865520994,-143.51682131960598,0.06393409865520994,143.51682131960598,2244.7617834354332,1.0006123227385815
6.12348467400964e-05,-0.06446797001115101,-146.7189891717526,0.06446797001115101,146.7189891717526,2275.843169039985,1.0006062188356315
6.260518552541682e-05,-0.06501367993007534,-149.992165157555,0.06501367993007534,149.992165157555,2307.086221221091,1.0006002483147507
6.400619032015079e-05,-0.06557148591249984,-153.3378937922278,0.06557148591249984,153.3378937922278,2338.4843527390176,1.0005944082276719
6.543854738096935e-05,-0.06614165072744527,-156.75775119378955,0.06614165072744527,156.75775119378955,2370.030827318669,1.0005886956895294
6.69029583218799e-05,-0.06672444248266629,-160.25334550316185,0.06672444248266629,160.25334550316185,2401.7187636268754,1.00058310787746
6.840014045789927e-05,-0.06732013470679021,-163.82631737837207,0.06732013470679021,163.82631737837207,2433.541140283069,1.0005776420291705
6.993082715641705e-05,-0.0679290064311715,-167.4783404845706,0.0679290064311715,167.4783404845706,2465.4908011096354,1.000572295441532
7.149576819642193e-05,-0.06855134227060944,-171.21112197872506,0.06855134227060944,171.21112197872506,2497.560460637833,1.0005670654692056
7.309573013576798e-05,-0.06918743250307102,-175.02640298775833,0.06918743250307102,175.02640298775833,2529.7427098482003,1.0005619495232922
7.473149668665882e-05,-0.06983757315290973,-178.92595910781066,0.06983757315290973,178.92595910781066,2562.0300223785175,1.0005569450699998
7.640386909953424e-05,-0.07050206607297582,-182.91160089765899,0.07050206607297582,182.91160089765899,2594.4147609565007,1.0005520496293423
7.811366655554843e-05,-0.07118121900367669,-186.9851742319454,0.07118121900367669,186.9851742319454,2626.889182977987,1.0005472607738986
7.986172656783198e-05,-0.07187534568717524,-191.148560987234,0.07187534568717524,191.148560987234,2659.445449058073,1.0005425761275042
8.164890539173054e-05,-0.07258476590828877,-195.40367928700562,0.07258476590828877,195.40367928700562,2692.0756282922944,1.0005379933640837
8.347607844422702e-05,-0.07330980556278632,-199.75248391143396,0.07330980556278632,199.75248391143396,2724.7717052032767,1.0005335102064514
8.534414073274879e-05,-0.07405079672241754,-204.19696668883626,0.07405079672241754,204.19696668883626,2757.5255868519143,1.0005291244251266
8.725400729357048e-05,-0.07480807772139997,-208.73915701285486,0.07480807772139997,208.73915701285486,2790.3291111187305,1.0005248338371573
8.920661364002727e-05,-0.07558199316349601,-213.38112188675885,0.07558199316349601,213.38112188675885,2823.1740518562556,1.0005206363050192
9.120291622076011e-05,-0.07637289406918057,-218.12496680489247,0.07637289406918057,218.12496680489247,2856.052130318764,1.0005165297354397
9.324389288821412e-05,-0.07718113786839353,-222.97283571126275,0.07718113786839353,222.97283571126275,2888.9550202209757,1.0005125120783493
9.533054337762146e-05,-0.07800708844308701,-227.9269112531504,0.07800708844308701,227.9269112531504,2921.8743552958395,1.0005085813258003
9.746388979670375e-05,-0.07885111618108454,-232.9894151066504,0.07885111618108454,232.9894151066504,2954.801737639091,1.0005047355108951
9.964497712633327e-05,-0.07971359798781918,-238.1626080456087,0.07971359798781918,238.1626080456087,2987.7287446239934,1.0005009727067442
0.00010187487373239752,-0.08059491737463986,-243.44879047183915,0.08059491737463986,243.44879047183915,3020.646939064214,1.000497291025433
0.00010415467188911808,-0.08149546446679778,-248.85030246469128,0.08149546446679778,248.85030246469128,3053.547876472019,1.0004936886170217
0.00010648548831408246,-0.08241563597971435,-254.36952363760628,0.08241563597971435,254.36952363760628,3086.4231115102525,1.0004901636685497
0.00010886846471524735,-0.08335583524262802,-260.00887328162247,0.08335583524262802,260.00887328162247,3119.264206576559,1.0004867144030476
0.00011130476835018268,-0.08431647216656302,-265.7708101734386,0.08431647216656302,265.7708101734386,3152.0627386831543,1.0004833390785592
0.00011379559259783306,-0.08529796333050399,-271.6578330923748,0.08529796333050399,271.6578330923748,3184.8103106492977,1.0004800359872186
0.00011634215754307099,-0.0863007319005078,-277.6724803343605,0.0863007319005078,277.6724803343605,3217.4985567269177,1.0004768034542995
0.00011894571057433464,-0.08732520756103668,-283.81732930517427,0.08732520756103668,283.81732930517427,3250.119149236465,1.0004736398372678
0.00012160752699463782,-0.08837182648619546,-290.09499634327494,0.08837182648619546,290.09499634327494,3282.6638067573563,1.0004705435248644
0.0001243289106462531,-0.08944103130232861,-296.5081364999839,0.08944103130232861,296.5081364999839,3315.1243023766906,1.0004675129362075
0.00012711119454937703,-0.09053327107545783,-303.05944346186345,0.09053327107545783,303.05944346186345,3347.492472786816,1.000464546519943
0.0001299557415550835,-0.09164900110391727,-309.7516483097947,0.09164900110391727,309.7516483097947,3379.7602219207956,1.0004616427532826
0.00013286394501289364,-0.09278868283894326,-316.58751904330256,0.09278868283894326,316.58751904330256,3411.9195289453046,1.0004588001411332
0.0001358372294532818,-0.0939527838032177,-323.56986009183686,0.0939527838032177,323.56986009183686,3443.9624563924335,1.000456017215258
0.00013887705128545487,-0.0951417775093546,-330.7015118265673,0.0951417775093546,330.7015118265673,3475.8811584537807,1.0004532925334648
0.00014198489951074998,-0.09635614315567409,-337.9853487384824,0.09635614315567409,337.9853487384824,3507.6678836390265,1.0004506246786427
0.00014516229645199224,-0.09759636544742989,-345.4242783643209,0.09759636544742989,345.4242783643209,3539.3149814619183,1.000448012257902
0.00014841079849917888,-0.09886293457344664,-353.02124115080954,0.09886293457344664,353.02124115080954,3570.8149133338256,1.0004454539018985
0.00015173199687184774,-0.10015634581998256,-360.77920813576856,0.10015634581998256,360.77920813576856,3602.1602543709037,1.0004429482638602
0.0001551275183985062,-0.10147709928497761,-368.7011792401505,0.10147709928497761,368.7011792401505,3633.3436986085785,1.000440494018725
0.0001585990263135056,-0.10282569964408594,-376.7901818606837,0.10282569964408594,376.7901818606837,3664.358065783945,1.0004380898623568
0.0001621482210717438,-0.10420265595234923,-385.04926968650017,0.10420265595234923,385.04926968650017,3695.1963092243936,1.0004357345108374
0.0001657768411816043,-0.1056084810540483,-393.4815191573859,0.1056084810540483,393.4815191573859,3725.8515152396703,1.0004334266994053
0.00016948666405653193,-0.10704369130547775,-402.09002780492443,0.10704369130547775,402.09002780492443,3756.3169104235503,1.0004311651817315
0.00017327950688566534,-0.10850880632256121,-410.8779127370644,0.10850880632256121,410.8779127370644,3786.585869497621,1.0004289487292737
0.0001771572275239565,-0.11000434821420413,-419.8483060467454,0.11000434821420413,419.8483060467454,3816.6519129698654,1.0004267761301346
0.00018112172540220417,-0.11153084123810686,-429.00435274368795,0.11153084123810686,429.00435274368795,3846.508714372627,1.000424646188398
0.00018517494245745846,-0.11308881140143967,-438.34920836442177,0.11308881140143967,438.34920836442177,3876.150106559891,1.0004225577234562
0.00018931886408424025,-0.11467878551889044,-447.88603332373145,0.11467878551889044,447.88603332373145,3905.570078172423,1.0004205095688103
0.00019355552010705328,-0.11630129090019636,-457.61799104192033,0.11630129090019636,457.61799104192033,3934.7627829395633,1.000418500571582
0.0001978869857746555,-0.1179568545607026,-467.5482432131346,0.1179568545607026,467.5482432131346,3963.722540367727,1.0004165295915777
0.00020231538277658056,-0.11964600225127242,-477.6799439895021,0.11964600225127242,477.6799439895021,3992.4438343231145,1.0004145955002006
0.00020684288028241182,-0.12136925814479582,-488.0162381004438,0.12136925814479582,488.0162381004438,4020.921323571338,1.0004126971801324
0.00021147169600430705,-0.1231271434530754,-498.56025256296124,0.1231271434530754,498.56025256296124,4049.14983472321,1.0004108335239204
0.0002162040972833073,-0.12492017582894732,-509.3150930962112,0.12492017582894732,509.3150930962112,4077.1243693541887,1.000409003433467
0.00022104240219995145,-0.12674886832098764,-520.2838378565909,0.12674886832098764,520.2838378565909,4104.840104283913,1.0004072058191062
0.00022598898070974425,-0.12861372811880756,-531.4695299119253,0.12861372811880756,531.4695299119253,4132.292389666038,1.0004054395985176
0.00023104625580403903,-0.13051525584853607,-542.8751730224079,0.13051525584853607,542.8751730224079,4159.476756130476,1.000403703696299
0.0002362167046968922,-0.13245394374951047,-554.503720707695,0.13245394374951047,554.503720707695,4186.388906292905,1.0004019970424123
0.00024150286003848476,-0.13443027511914352,-566.3580729184013,0.13443027511914352,566.3580729184013,4213.024725393492,1.0004003185720565
0.00024690731115569327,-0.13644472222847526,-578.4410635379013,0.13644472222847526,578.4410635379013,4239.380271296297,1.000398667223987
0.0002524327053204231,-0.13849774545349192,-590.7554551800774,0.13849774545349192,590.7554551800774,4265.451782234646,1.0003970419402037
0.00025808174904632975,-0.14058979134404126,-603.3039276055547,0.14058979134404126,603.3039276055547,4291.23567108221,1.0003954416645913
0.00026385720941455134,-0.14272129120797672,-616.0890692364334,0.14272129120797672,616.0890692364334,4316.728527481259,1.0003938653421904
0.00026976191542911617,-0.14489265935230833,-629.1133666101464,0.14489265935230833,629.1133666101464,4341.9271164072525,1.0003923119181841
0.0002757987594026777,-0.14710429112835754,-642.379192663329,0.14710429112835754,642.379192663329,4366.828375542177,1.000390780336772
0.000281970698373259,-0.14935656123270746,-655.8887965386623,0.14935656123270746,655.8887965386623,4391.429416460278,1.0003892695403889
0.0002882807555527085,-0.1516498215618185,-669.644290731059,0.1516498215618185,669.644290731059,4415.727521697646,1.0003877784685549
0.00029473202180755996,-0.15398439902446626,-683.6476379630291,0.15398439902446626,683.6476379630291,4439.720142391865,1.0003863060567662
0.0003013276571730418,-0.1563605934881025,-697.9006388795541,0.1563605934881025,697.9006388795541,4463.4048983234225,1.0003848512356128
0.00030807089240096066,-0.15877867534743473,-712.4049174698183,0.15877867534743473,712.4049174698183,4486.779574845018,1.0003834129295985
0.00031496503054222457,-0.16123888307720335,-727.1619063919021,0.16123888307720335,727.1619063919021,4509.842120673381,1.0003819900560327
0.0003220134485647866,-0.16374142066626973,-742.1728315894302,0.16374142066626973,742.1728315894302,4532.590645479331,1.00038058152389
0.00032921959900778603,-0.16628645509683793,-757.4386971825476,0.16628645509683793,757.4386971825476,4555.023418723122,1.0003791862327989
0.00033658701167271624,-0.16887411346237968,-772.9602681845421,0.16887411346237968,772.9602681845421,4577.138865967966,1.000377803071751
0.0003441192953524317,-0.17150448015490838,-788.7380536403724,0.17150448015490838,788.7380536403724,4598.935566744139,1.0003764309179648
0.00035182013959884727,-0.17417759388251852,-804.7722887449247,0.17417759388251852,804.7722887449247,4620.41225169144,1.0003750686356518
0.000359693316530203,-0.17689344462587542,-821.0629165933038,0.17689344462587542,821.0629165933038,4641.567799925138,1.000373715074799
0.0003677426826787618,-0.1796519704956836,-837.609569346562,0.1796519704956836,837.609569346562,4662.401236320905,1.0003723690699209
0.0003759721808798663,-0.18245305453217497,-854.4115490350541,0.18245305453217497,854.4115490350541,4682.911728859993,1.0003710294388064
0.0003843858422032631,-0.18529652130973773,-871.4678072074303,0.18529652130973773,871.4678072074303,4703.098585162877,1.0003696949811458
0.0003929877879276463,-0.188182133604073,-888.7769249459568,0.188182133604073,888.7769249459568,4722.961249955348,1.0003683644772474
0.0004017822315593963,-0.19110958893020324,-906.3370921123924,0.19110958893020324,906.3370921123924,4742.499302028238,1.0003670366866746
0.00041077348089648265,-0.19407851604535153,-924.1460863779075,0.19407851604535153,924.1460863779075,4761.712451273878,1.000365710346869
0.00041996594013856634,-0.19708847141419028,-942.201252033558,0.19708847141419028,942.201252033558,4780.6005357537115,1.000364384171749
0.000429364112044314,-0.20013893565169383,-960.4994786645406,0.20013893565169383,960.4994786645406,4799.163518767376,1.0003630568502846
0.00043897260013698973,-0.20322930996098876,-979.0371797889686,0.20322930996098876,979.0371797889686,4817.401485921993,1.0003617270450538
0.00044879611095941316,-0.20635891258257288,-997.8102715714577,0.20635891258257288,997.8102715714577,4835.314642260444,1.0003603933907688
0.0004588394563793667,-0.20952697527616237,-1016.8141517365834,0.20952697527616237,1016.8141517365834,4852.903309449269,1.0003590544927896
0.0004691075559466075,-0.21273263987814062,-1036.0436789178382,0.21273263987814062,1036.0436789178382,4870.16792303858,1.0003577089256213
0.00047960543930261655,-0.21597495486457774,-1055.493152064652,0.21597495486457774,1055.493152064652,4887.1090295005515,1.0003563552313446
0.0004903382486442741,-0.21925287217004552,-1075.1562913573443,0.21925287217004552,1075.1562913573443,4903.72728400788,1.0003549919181396
0.0005013112412426777,-0.2225652440158683,-1095.02621920044,0.2225652440158683,1095.02621920044,4920.023447696836,1.0003536174586956
0.0005125297920183131,-0.2259108199318689,-1115.0954423655833,0.2259108199318689,1115.0954423655833,4935.99838512329,1.0003522302886252
0.0005239993961738689,-0.22928824399195946,-1135.3558354195186,0.22928824399195946,1135.3558354195186,4951.653061895892,1.0003508288048826
0.0005357256718859531,-0.23269605226710155,-1155.798625451246,0.23269605226710155,1155.798625451246,4966.98854230907,1.0003494113641525
0.0005477143630570625,-0.23613267070754773,-1176.4143793765008,0.23613267070754773,1176.4143793765008,4982.005987784299,1.0003479762813612
0.0005599713421291248,-0.23959641308238133,-1197.1929915905923,0.23959641308238133,1197.1929915905923,4996.706654280993,1.0003465218279801
0.0005725026129600042,-0.24308547935970637,-1218.1236742514666,0.24308547935970637,1218.1236742514666,5011.091890227408,1.0003450462304015
0.0005853143137643898,-0.24659795472530277,-1239.1949514077758,0.24659795472530277,1239.1949514077758,5025.1631356317375,1.000343547668513
0.0005984127201204789,-0.2501318086476658,-1260.3946533894768,0.2501318086476658,1260.3946533894768,5038.921919622231,1.0003420242739718
0.0006118042480439627,-0.25368489468451116,-1281.709915643859,0.25368489468451116,1281.709915643859,5052.369859221713,1.0003404741286988
0.0006254954571307918,-0.2572549508306565,-1303.1271808400684,0.2572549508306565,1303.1271808400684,5065.508658365448,1.0003388952634067
0.0006394930537702698,-0.2608396002024165,-1324.632202961411,0.2608396002024165,1324.632202961411,5078.340106078491,1.000337285655975
0.0006538038944300659,-0.26443635266923593,-1346.2100571011565,0.26443635266923593,1346.2100571011565,5090.866076136786,1.0003356432301145
0.0006684349890147199,-0.2680426068222914,-1367.8451512611312,0.2680426068222914,1367.8451512611312,5103.088525653661,1.0003339658538326
0.000683393504299325,-0.2716556528448564,-1389.5212435729852,0.2716556528448564,1389.5212435729852,5115.009494636014,1.0003322513381052
0.0006986867674400387,-0.2752726760720634,-1411.2214636408728,0.2752726760720634,1411.2214636408728,5126.631105484042,1.0003304974355713
0.0007143222695631524,-0.27889076119390666,-1432.9283377455736,0.27889076119390666,1432.9283377455736,5137.955562283004,1.0003287018392082
0.0007303076694344927,-0.28250689743072144,-1454.6238198819437,0.28250689743072144,1454.6238198819437,5148.985150844531,1.0003268621812103
0.0007466507972109167,-0.28611798442261716,-1476.289327076418,0.28611798442261716,1476.289327076418,5159.722238556773,1.0003249760318758
0.0007633596582757825,-0.289720838931089,-1497.9057795683416,0.289720838931089,1497.9057795683416,5170.169274308304,1.0003230408985726
0.0007804424371602355,-0.2933122024367094,-1519.453646374191,0.2933122024367094,1519.453646374191,5180.328788748764,1.0003210542248457
0.0007979075015522474,-0.2968887495196668,-1540.912995535019,0.2968887495196668,1540.912995535019,5190.203394463569,1.0003190133895827
0.0008157634063953864,-0.3004470972696254,-1562.2635505480364,0.3004470972696254,1562.2635505480364,5199.79578683045,1.0003169157064467
0.0008340188980792877,-0.30398381515237816,-1583.4847495244264,0.30398381515237816,1583.4847495244264,5209.1087439332,1.0003147584231686
0.0008526829187239247,-0.30749543609613283,-1604.5558116670231,0.30749543609613283,1604.5558116670231,5218.145127739028,1.0003125387212821
0.0008717646105597389,-0.3109784680741541,-1625.4558067328353,0.3109784680741541,1625.4558067328353,5226.90788464891,1.00031025371582
0.0008912733204057886,-0.3144294064791211,-1646.163729214298,0.3144294064791211,1646.163729214298,5235.4000462218455,1.0003079004552167
0.0009112186042481316,-0.3178447471875643,-1666.6585766978037,0.3178447471875643,1666.6585766978037,5243.624730139985,1.000305475921408
0.0009316102319206351,-0.3212210002830034,-1686.9194321348916,0.3212210002830034,1686.9194321348916,5251.585141222633,1.0003029770301441
0.0009524581918905648,-0.3245547041296959,-1706.9255482418262,0.3245547041296959,1706.9255482418262,5259.284572130923,1.0003004006313834
0.0009737726961512476,-0.3278424400759832,-1726.6564356624235,0.3278424400759832,1726.6564356624235,5266.726404495528,1.0002977435100189
0.0009955641852242242,-0.33108084738387333,-1746.0919524871172,0.33108084738387333,1746.0919524871172,5273.9141097539905,1.0002950023867394
0.001017843333273363,-0.3342666384030508,-1765.212395239117,0.3342666384030508,1765.212395239117,5280.851249985246,1.0002921739191177
0.0010406210533333877,-0.33739661387699016,-1783.9985906627169,0.33739661387699016,1783.9985906627169,5287.541478745061,1.0002892547029354
0.0010639085026554437,-0.34046767825498137,-1802.4319875268445,0.34046767825498137,1802.4319875268445,5293.988541775692,1.0002862412737548
0.0010877170881722674,-0.34347685478405765,-1820.494747123393,0.34347685478405765,1820.494747123393,5300.196277469496,1.0002831301086614
0.0011120584720856592,-0.3464213003983332,-1838.169832550716,0.3464213003983332,1838.169832550716,5306.16861733702,1.0002799176282986
0.0011369445775790135,-0.3492983202386313,-1855.4410957745183,0.3492983202386313,1855.4410957745183,5311.9095863585335,1.0002766001991725
0.001162387594657657,-0.3521053813146864,-1872.2933595576408,0.3521053813146864,1872.2933595576408,5317.423302554755,1.0002731741359676
0.0011883999861199163,-0.354840125895862,-1888.7124977386354,0.354840125895862,1888.7124977386354,5322.713977091002,1.0002696357043954
0.0012149944936617851,-0.3575003838404882,-1904.685509178823,0.3575003838404882,1904.685509178823,5327.785913731123,1.000265981124108
0.0012421841441182047,-0.36008418380220064,-1920.2005849485467,0.36008418380220064,1920.2005849485467,5332.643507617486,1.0002622065716942
0.001269982255844039,-0.3625897636270565,-1935.2471706841973,0.3625897636270565,1935.2471706841973,5337.291244312967,1.000258308184084
0.001298402445237808,-0.3650155793789054,-1949.8160206954735,0.3650155793789054,1949.8160206954735,5341.733698088163,1.0002542820620093
0.0013274586334114504,-0.36736031307214034,-1963.8992443473696,0.36736031307214034,1963.8992443473696,5345.975529919883,1.0002501242736417
0.001357165053009319,-0.36962287896994894,-1977.4903438133433,0.36962287896994894,1977.4903438133433,5350.021484936589,1.0002458308583404
0.0013875362551797738,-0.37180242839349376,-1990.5842429388783,0.37180242839349376,1990.5842429388783,5353.876389511263,1.0002413978305087
0.001418587116702816,-0.373898352984952,-2003.1773067862403,0.373898352984952,2003.1773067862403,5357.545147749984,1.0002368211835233
0.0014503328472771854,-0.3759102863539283,-2015.267351532287,0.3759102863539283,2015.267351532287,5361.03273756884,1.0002320968936935
0.0014827889969705776,-0.3778381040895056,-2026.8536445319612,0.3778381040895056,2026.8536445319612,5364.3442061413225,1.0002272209242091
0.0015159714638365365,-0.37968192212565555,-2037.9368945232877,0.37968192212565555,2037.9368945232877,5367.484664831721,1.000222189229039
0.0015498965017018487,-0.38144209348502045,-2048.5192321212294,0.38144209348502045,2048.5192321212294,5370.459283623024,1.000216997756744
0.0015845807281281747,-0.3831192034290325,-2058.604180725355,0.3831192034290325,2058.604180725355,5373.273284920793,1.0002116424541603
0.0016200411325518484,-0.3847140630773538,-2068.196618278072,0.3847140630773538,2068.196618278072,5375.931936915505,1.0002061192699108
0.001656295084605867,-0.3862277013072344,-2077.30272870732,0.3862277013072344,2077.30272870732,5378.440546021007,1.000200424157481
0.001693360342628061,-0.38766135565219884,-2085.9299473303854,0.38766135565219884,2085.9299473303854,5380.804449339633,1.0001945530783387
0.001731255062359718,-0.38901646163685655,-2094.08689695431,0.38901646163685655,2094.08689695431,5383.029006389765,1.000188502004493
0.0017699978058388296,-0.3902946407838499,-2101.7833159382935,0.3902946407838499,2101.7833159382935,5385.119589951755,1.000182266920528
0.0018096075504923587,-0.3914976880082577,-2109.0299826275436,0.3914976880082577,2109.0299826275436,5387.081577306936,1.0001758438255806
0.00185010369843201,-0.39262755753907186,-2115.8386309512684,0.39262755753907186,2115.8386309512684,5388.920340215073,1.0001692287343344
0.001891506085957972,-0.39368634845368433,-2122.2218636962543,0.39368634845368433,2122.2218636962543,5390.641235165728,1.0001624176778188
0.0019338349932753937,-0.394676289479321,-2128.193061366921,0.394676289479321,2128.193061366921,5392.249593140121,1.000155406703512
0.001977111154428262,-0.3955997231305446,-2133.766287104673,0.3955997231305446,2133.766287104673,5393.750708972433,1.00014819187465
0.0020213557674555837,-0.39645908979036903,-2138.9561912210625,0.39645908979036903,2138.9561912210625,5395.149830849011,1.0001407692690905
0.0020665905047748865,-0.39725691146668396,-2143.777913843885,0.39725691146668396,2143.777913843885,5396.45214964038,1.000133134977345
0.0021128375237980243,-0.39799577559051613,-2148.24698774601,0.39799577559051613,2148.24698774601,5397.662788150459,1.000125285099923
0.0021601194777846134,-0.39867831893752737,-2152.3792419645606,0.39867831893752737,2152.3792419645606,5398.786790564945,1.0001172157439282
0.0022084595269383023,-0.39930721184146023,-2156.1907071613905,0.39930721184146023,2156.1907071613905,5399.829112070929,1.0001089230189324
0.002257881349751367,-0.39988514283459153,-2159.6975235209757,0.39988514283459153,2159.6975235209757,5400.794608701711,1.000100403032103
0.002308409154603216,-0.4004148037943196,-2162.9158517078763,0.4004148037943196,2162.9158517078763,5401.688027545799,1.0000916518825838
0.0023600676916183906,-0.40089887579097194,-2165.861788030601,0.40089887579097194,2165.861788030601,5402.513997469721,1.0000826656552106
0.0024128822647899915,-0.4013400157155047,-2168.5512842537873,0.4013400157155047,2168.5512842537873,5403.277020328305,1.0000734404135787
0.002466878744374369,-0.4017408436889127,-2171.0000721285583,0.4017408436889127,2171.0000721285583,5403.981462760276,1.0000639721924105
0.0025220835795631787,-0.40210393144388945,-2173.223593739681,0.40210393144388945,2173.223593739681,5404.631548704312,1.0000542569893904
0.002578523811439072,-0.40243179170238363,-2175.2369378209182,0.40243179170238363,2175.2369378209182,5405.231352670078,1.0000442907564855
0.0026362270862212364,-0.4027268685767922,-2177.0547822203907,0.4027268685767922,2177.0547822203907,5405.784793832967,1.0000340693908014
0.00269522166880743,-0.4029915290743702,-2178.6913429720025,0.4029915290743702,2178.6913429720025,5406.29563101793,1.0000235887250883
0.00275553645661901,-0.40322805561618225,-2180.1603294409665,0.40322805561618225,2180.1603294409665,5406.767458453287,1.0000128445178413
0.0028172009937557905,-0.40343863980615424,-2181.474906993623,0.40343863980615424,2181.474906993623,5407.203702753376,1.0000018324433775
0.0028802454854677233,-0.4036253771628253,-2182.6476654161374,0.4036253771628253,2182.6476654161374,5407.60762060717,1.0000094520077398
0.0029447008129503413,-0.4037902629625023,-2183.690593996388,0.4037902629625023,2183.690593996388,5407.982297480945,1.0000210135338163
0.003010598548471389,-0.40393518917062465,-2184.615063151104,0.40393518917062465,2184.615063151104,5408.330647390836,1.0000328567973156
0.0030779709708359097,-0.4040619423608405,-2185.4318119510735,0.4040619423608405,2185.4318119510735,5408.655413529175,1.0000449865831724
0.0031468510811974064,-0.40417220264816933,-2186.1509417523757,0.40417220264816933,2186.1509417523757,5408.959169949185,1.0000574078119961
0.003217272619222902,-0.40426754338204773,-2186.7819143572665,0.40426754338204773,2186.7819143572665,5409.244323852823,1.000070125549873
0.0032892700796196485,-0.40434943193304207,-2187.3335567549557,0.40434943193304207,2187.3335567549557,5409.513119130993,1.0000831450174543
0.0033628787290317774,-0.4044192309615937,-2187.8140687505056,0.4044192309615937,2187.8140687505056,5409.767640249222,1.0000964715990917
0.0034381346233150014,-0.40447820068402507,-2188.2310365394355,0.40447820068402507,2188.2310365394355,5410.009817188796,1.0001101108510757
0.0035150746251978995,-0.404527501461871,-2188.5914482815633,0.404527501461871,2188.5914482815633,5410.2414307370655,1.0001240685098507
0.0035937364223384994,-0.404568197286153,-2188.9017149921415,0.404568197286153,2188.9017149921415,5410.464118720436,1.0001383504991503
0.003674158545784836,-0.40460125936897384,-2189.1676920971327,0.40460125936897384,2189.1676920971327,5410.679382242687,1.0001529629371801
0.003756380388848731,-0.4046275703954052,-2189.394704939783,0.4046275703954052,2189.394704939783,5410.888592688554,1.0001679121427944
0.0038404422264018702,-0.40464792900274915,-2189.58757565277,0.40464792900274915,2189.58757565277,5411.092998916334,1.000183204641251
0.00392638523460369,-0.4046630544062282,-2189.7506509239647,0.4046630544062282,2189.7506509239647,5411.293734578854,1.0001988471695837
0.004014251511070823,-0.40467359130025216,-2189.887831382038,0.40467359130025216,2189.887831382038,5411.4918256606115,1.0002148466812595
0.004104084095497788,-0.40468011486154865,-2190.002601631973,0.40468011486154865,2190.002601631973,5411.688198174078,1.0002312103503064
0.004195926990739261,-0.4046831356995426,-2190.098059927596,0.4046831356995426,2190.098059927596,5411.883685594539,1.000247945575166
0.004289825184364008,-0.40468310484402537,-2190.176948123722,0.40468310484402537,2190.176948123722,5412.079036429922,1.0002650599819898
0.0043858246706912855,-0.40468041861277015,-2190.2416808726653,0.40468041861277015,2190.2416808726653,5412.274921481831,1.00028256142767
0.004483972473320294,-0.40467542345504626,-2190.294374664041,0.40467542345504626,2190.294374664041,5412.471941003237,1.0003004580023531
0.0045843166681638,-0.4046684204995472,-2190.336875133266,0.4046684204995472,2190.336875133266,5412.670631499689,1.0003187580319632
0.004686906406997316,-0.40465966996498537,-2190.3707835289542,0.40465966996498537,2190.3707835289542,5412.871472263307,1.0003374700804142
0.004791791941535124,-0.4046493953633217,-2190.3974819071477,0.4046493953633217,2190.3974819071477,5413.074891513084,1.000356602951659
0.0048990246480452295,-0.4046377875251892,-2190.418157322027,0.4046377875251892,2190.418157322027,5413.281272416188,1.0003761656914743
0.00500865705251506,-0.4046250081555627,-2190.433823135705,0.4046250081555627,2190.433823135705,5413.490958259228,1.000396167589735
0.005120742856380335,-0.4046111933444081,-2190.4453401094474,0.4046111933444081,2190.4453401094474,5413.704257669718,1.0004166181821785
0.005235336962829807,-0.4045964567062583,-2190.4534352375954,0.4045964567062583,2190.4534352375954,5413.921449213011,1.0004375272524795
0.0053524955036985036,-0.4045808922414835,-2190.458718932722,0.4045808922414835,2190.458718932722,5414.142785629371,1.0004589048344577
0.005472275866962957,-0.40456457691334435,-2190.461700484017,0.40456457691334435,2190.461700484017,5414.368497598846,1.0004807612144955
0.0055947367248516304,-0.4045475731090846,-2190.46280284725,0.4045475731090846,2190.46280284725,5414.598797399287,1.0005031069337613
0.005719938062584404,-0.404529930578974,-2190.4623743038564,0.404529930578974,2190.4623743038564,5414.833881806491,1.0005259527913666
0.00584794120775532,-0.4045116883958144,-2190.460700210327,0.4045116883958144,2190.460700210327,5415.073934938965,1.0005493098471099
0.005978808860372699,-0.4044928765883924,-2190.458012834037,0.4044928765883924,2190.458012834037,5415.319130732242,1.0005731894247283
0.006112605123571674,-0.40447351753346084,-2190.454499714581,0.40447351753346084,2190.454499714581,5415.56963499686,1.0005976031155472
0.00624939553501391,-0.4044536272253936,-2190.4503112957327,0.4044536272253936,2190.4503112957327,5415.82560730761,1.0006225627822223
0.006389247098989999,-0.40443321633074447,-2190.4455672993813,0.40443321633074447,2190.4455672993813,5416.087202659537,1.0006480805628781
0.006532228319240372,-0.4044122910822807,-2190.4403620766498,0.4044122910822807,2190.4403620766498,5416.354572742172,1.0006741688755894
0.0066784092325105114,-0.4043908540807024,-2190.434769469536,0.4043908540807024,2190.434769469536,5416.627867237574,1.000700840422978
0.006827861442857262,-0.4043689049249224,-2190.428846603055,0.4043689049249224,2190.428846603055,5416.907234768072,1.0007281081972643
0.00698065815672274,-0.40434644075776305,-2190.4226371896166,0.40434644075776305,2190.4226371896166,5417.19282376931,1.0007559854855226
0.007136874218793124,-0.4043234567216132,-2190.416174287148,0.4043234567216132,2190.416174287148,5417.484783217275,1.0007844858751924
0.0072965861486600685,-0.4042999462799344,-2190.409482253497,0.4042999462799344,2190.409482253497,5417.783263163912,1.0008136232600515
0.007459872178302311,-0.40427590156059523,-2190.4025788394197,0.40427590156059523,2190.4025788394197,5418.0884153222505,1.000843411846122
0.007626812290406284,-0.40425131361462263,-2190.3954767735977,0.40425131361462263,2190.3954767735977,5418.400393527791,1.0008738661579069
0.007797488257544136,-0.4042261725098797,-2190.3881843422932,0.4042261725098797,2190.3881843422932,5418.7193539249565,1.000905001045311
0.007971983682228486,-0.40420046761255435,-2190.380707117861,0.40420046761255435,2190.380707117861,5419.045455477916,1.000936831689932
0.008150384037863704,-0.40417418756260304,-2190.3730478491875,0.40417418756260304,2190.3730478491875,5419.378860036473,1.0009693736126075
0.008332776710613365,-0.40414732051658575,-2190.365207929255,0.40414732051658575,2190.365207929255,5419.719732719012,1.0010026426800571
0.008519251042204894,-0.40411985404762163,-2190.3571868559907,0.40411985404762163,2190.3571868559907,5420.068241927748,1.0010366551129788
0.008709898373691929,-0.4040917753732174,-2190.3489836072927,0.4040917753732174,2190.3489836072927,5420.424559703785,1.001071427492986
0.008904812090196015,-0.40406307122975704,-2190.340595941179,0.40406307122975704,2190.340595941179,5420.78886168668,1.0011069767711207
0.009104087666649737,-0.40403372800255966,-2190.3320212135,0.40403372800255966,2190.3320212135,5421.161327401914,1.0011433202754672
0.009307822714563223,-0.40400373173361004,-2190.323256434267,0.40400373173361004,2190.323256434267,5421.542140305059,1.001180475719454
0.009516117029837498,-0.40397306806880806,-2190.3142980185867,0.40397306806880806,2190.3142980185867,5421.931487882044,1.0012184612105692
0.00972907264164763,-0.4039417223307282,-2190.305142245484,0.4039417223307282,2190.305142245484,5422.329561817748,1.0012572952587233
0.009946793862419803,-0.4039096795081605,-2190.295785234248,0.4039096795081605,2190.295785234248,5422.736558087353,1.0012969967851448
0.010169387338927,-0.4038769242320086,-2190.286222851027,0.4038769242320086,2190.286222851027,5423.152677058641,1.0013375851315371
0.010396962104527816,-0.40384344078438517,-2190.2764507812485,0.40384344078438517,2190.2764507812485,5423.5781235596505,1.0013790800692948
0.010629629632574607,-0.4038092131054327,-2190.2664646333287,0.4038092131054327,2190.2664646333287,5424.013107054742,1.0014215018088874
0.010867503891016622,-0.40377422478331937,-2190.2562599075336,0.40377422478331937,2190.2562599075336,5424.457841713172,1.0014648710095602
0.011110701398225058,-0.40373845904241534,-2190.2458319754514,0.40373845904241534,2190.2458319754514,5424.91254652892,1.0015092087892348
0.01135934128006761,-0.403701898737836,-2190.2351760868405,0.403701898737836,2190.2351760868405,5425.37744542336,1.001554536734602
0.01161354532825994,-0.4036645263522587,-2190.2242873924383,0.4036645263522587,2190.2242873924383,5425.852767357453,1.001600876911416
0.011873438060023297,-0.4036263239872824,-2190.2131609463822,0.4036263239872824,2190.2131609463822,5426.33874646737,1.0016482518750305
0.012139146779076841,-0.4035872733575161,-2190.201791704622,0.4035872733575161,2190.201791704622,5426.835622154123,1.0016966846811646
0.012410801637995194,-0.40354735578057443,-2190.190174521323,0.40354735578057443,2190.190174521323,5427.3436392238955,1.0017461988968972
0.012688535701961259,-0.40350655216843734,-2190.1783041386548,0.40350655216843734,2190.1783041386548,5427.863047994323,1.0017968186119257
0.012972485013945682,-0.40346484301835517,-2190.166175195286,0.40346484301835517,2190.166175195286,5428.394104453971,1.0018485684500273
0.013262788661345207,-0.4034222084078465,-2190.153782223309,0.4034222084078465,2190.153782223309,5428.937070338815,1.0019014735807747
0.013559588844111898,-0.4033786279828746,-2190.1411196467056,0.4033786279828746,2190.1411196467056,5429.492213305083,1.0019555597315177
0.01386303094440737,-0.40333408095057166,-2190.1281817795707,0.40333408095057166,2190.1281817795707,5430.059807041125,1.0020108531996215
0.01417326359781553,-0.40328854606832465,-2190.11496282431,0.40328854606832465,2190.11496282431,5430.640131429033,1.0020673808649592
0.014490438766148903,-0.4032420016364995,-2190.1014568698406,0.4032420016364995,2190.1014568698406,5431.23347265818,1.0021251702026797
0.014814711811884573,-0.40319442548752704,-2190.087657889765,0.40319442548752704,2190.087657889765,5431.840123388602,1.0021842492962416
0.015146241574265421,-0.403145794977263,-2190.0735597405537,0.403145794977263,2190.0735597405537,5432.460382884737,1.0022446468507324
0.015485190447104842,-0.40309608697407384,-2190.059156159708,0.40309608697407384,2190.059156159708,5433.094557180772,1.0023063922064672
0.01583172445833231,-0.4030452778511062,-2190.044440763923,0.4030452778511062,2190.044440763923,5433.742959204135,1.0023695153528824
0.01618601335131904,-0.40299334347218974,-2190.0294070469167,0.40299334347218974,2190.0294070469167,5434.405908985067,1.0024340469427098
0.01654823066802389,-0.402940259184561,-2190.014048377647,0.402940259184561,2190.014048377647,5435.083733776382,1.0025000183064996
0.016918553833999504,-0.4028859998079497,-2189.9983579990344,0.4028859998079497,2189.9983579990344,5435.776768224701,1.0025674614673783
0.017297164245301182,-0.40283053962275517,-2189.982329025757,0.40283053962275517,2189.982329025757,5436.485354552917,1.0026364091561764
0.017684247357340352,-0.4027738523604967,-2189.9659544424107,0.4027738523604967,2189.9659544424107,5437.2098427142055,1.0027068948268587
0.018079992775726413,-0.4027159111897163,-2189.949227101659,0.4027159111897163,2189.949227101659,5437.950590608751,1.0027789526722906
0.01848459434914184,-0.40265668870961235,-2189.9321397223853,0.40265668870961235,2189.9321397223853,5438.707964197557,1.0028526176403225
0.01889825026429513,-0.4025961569327592,-2189.9146848878645,0.4025961569327592,2189.9146848878645,5439.482337765136,1.0029279254502317
0.019321163142999215,-0.4025342872782858,-2189.8968550439313,0.4025342872782858,2189.8968550439313,5440.274094042529,1.0030049126094962
0.019753540141421968,-0.40247105055686916,-2189.8786424971686,0.40247105055686916,2189.8786424971686,5441.083624442545,1.0030836164309194
0.020195593051557725,-0.402406416958911,-2189.860039413076,0.402406416958911,2189.860039413076,5441.911329253675,1.0031640750501474
0.020647538404970047,-0.4023403560445331,-2189.8410378143444,0.4023403560445331,2189.8410378143444,5442.757617811427,1.0032463274435048
0.021109597578855412,-0.40227283672675185,-2189.821629579083,0.40227283672675185,2189.821629579083,5443.622908763643,1.003330413446229
0.021581996904481104,-0.4022038272642021,-2189.8018064390576,0.4022038272642021,2189.8018064390576,5444.507630208618,1.0034163737710973
0.022064967778049335,-0.40213329524067376,-2189.781559977985,0.40213329524067376,2189.781559977985,5445.412220013807,1.0035042500274345
0.022558746774042317,-0.4020612075610188,-2189.760881629837,0.4020612075610188,2189.760881629837,5446.337125915108,1.0035940847405165
0.023063575761104287,-0.4019875304284142,-2189.7397626771985,0.4019875304284142,2189.7397626771985,5447.282805870882,1.0036859213713762
0.023579702020516072,-0.4019122293398141,-2189.7181942496745,0.4019122293398141,2189.7181942496745,5448.249728172074,1.003779804337008
0.024107378367321665,-0.401835269062758,-2189.6961673222763,0.401835269062758,2189.6961673222763,5449.2383718072615,1.0038757790310457
0.02464686327416491,-0.40175661362854953,-2189.673672713947,0.40175661362854953,2189.673672713947,5450.249226608736,1.0039738918447696
0.025198420997897486,-0.40167622631452105,-2189.650701086045,0.40167622631452105,2189.650701086045,5451.282793549006,1.0040741901886356
0.02576232170902064,-0.4015940696308462,-2189.627242940918,0.4015940696308462,2189.627242940918,5452.339584978608,1.004176722514228
0.02633884162402289,-0.4015101053037142,-2189.6032886205276,0.4015101053037142,2189.6032886205276,5453.420124916274,1.004281538336653
0.026928263140680007,-0.4014242942621422,-2189.5788283051597,0.4014242942621422,2189.5788283051597,5454.524949292926,1.0043886882573942
0.02753087497638225,-0.4013365966229685,-2189.5538520122027,0.4013365966229685,2189.5538520122027,5455.654606223604,1.0044982239876414
0.028146972309557153,-0.40124697167357226,-2189.5283495949875,0.40124697167357226,2189.5283495949875,5456.8096563137215,1.0046101983720832
0.028776856924257705,-0.4011553778573216,-2189.502310741719,0.4011553778573216,2189.502310741719,5457.9906729318645,1.004724665413178
0.029420837357985306,-0.40106177275811206,-2189.4757249744503,0.40106177275811206,2189.4757249744503,5459.19824249858,1.0048416802959632
0.03007922905282163,-0.4009661130830864,-2189.4485816481842,0.4009661130830864,2189.4485816481842,5460.4329648039275,1.004961299413343
0.030752354509942046,-0.4008683546458087,-2189.4208699500978,0.4008683546458087,2189.4208699500978,5461.695453323031,1.0050835803918732
0.031440543447586705,-0.4007684523521675,-2189.392578898861,0.4007684523521675,2189.392578898861,5462.98633549872,1.0052085821181074
0.032144132962567504,-0.40066636017991186,-2189.3636973440857,0.40066636017991186,2189.3636973440857,5464.3062531154155,1.005336364765388
0.032863467695388254,-0.40056203116546385,-2189.3342139658416,0.40056203116546385,2189.3342139658416,5465.655862578431,1.0054669898212625
0.033598899999061106,-0.40045541738300017,-2189.3041172743124,0.40045541738300017,2189.3041172743124,5467.035835303575,1.0056005201154434
0.03435079011169973,-0.40034646993035494,-2189.273395609639,0.40034646993035494,2189.273395609639,5468.446858018979,1.0057370198482878
0.03511950633297582,-0.4002351389058276,-2189.2420371419234,0.4002351389058276,2189.2420371419234,5469.88963319644,1.0058765546198802
0.035905425204523826,-0.40012137339817855,-2189.210029871374,0.40012137339817855,2189.210029871374,5471.364879308244,1.0060191914596153
0.03670893169438276,-0.4000051214602536,-2189.1773616285677,0.4000051214602536,2189.1773616285677,5472.873331313322,1.006164998856452
0.037530419385566303,-0.3998863300971607,-2189.1440200748884,0.3998863300971607,2189.1440200748884,5474.415740950661,1.0063140467897644
0.03837029066885167,-0.3997649452421683,-2189.109992703269,0.3997649452421683,2189.109992703269,5475.992877207273,1.006466406760749
0.03922895693988393,-0.3996409117435178,-2189.075266839063,0.3996409117435178,2189.075266839063,5477.605526643306,1.0066221518244882
0.04010683880069044,-0.3995141733385026,-2189.0398296411627,0.3995141733385026,2189.0398296411627,5479.25449389857,1.0067813566225394
0.041004366265704854,-0.39938467264209976,-2189.0036681032175,0.39938467264209976,2189.0036681032175,5480.940602006646,1.006944097416326
0.041921978972402414,-0.3992523511192303,-2188.966769055234,0.3992523511192303,2188.966769055234,5482.664692941368,1.0071104521210696
0.04286012639664768,-0.39911714907339046,-2188.929119165445,0.39911714907339046,2188.929119165445,5484.427627946752,1.0072805003404004
0.04381926807286272,-0.39897900561936694,-2188.8907049423983,0.39897900561936694,2188.8907049423983,5486.230288093501,1.0074543234015416
0.04479987381912139,-0.3988378586682302,-2188.8515127371984,0.3988378586682302,2188.8515127371984,5488.073574675305,1.0076320043913498
0.045802423967280896,-0.39869364490596126,-2188.811528746252,0.39869364490596126,2188.811528746252,5489.958409702068,1.0078136281929195
0.046827409598264244,-0.39854629977071454,-2188.770739014299,0.39854629977071454,2188.770739014299,5491.885736421361,1.0079992815229046
0.047875332782606514,-0.3983957574373562,-2188.7291294377014,0.3983957574373562,2188.7291294377014,5493.8565197493535,1.0081890529694644
0.04894670682638567,-0.3982419507897248,-2188.686685767988,0.3982419507897248,2188.686685767988,5495.8717468809145,1.0083830330311159
0.05004205652265586,-0.39808481140744334,-2188.643393616033,0.39808481140744334,2188.643393616033,5497.932427710579,1.0085813141561817
0.05116191840850746,-0.39792426953908944,-2188.5992384565225,0.39792426953908944,2188.5992384565225,5500.039595452544,1.008783990782866
0.05230684102788069,-0.3977602540840053,-2188.5542056325985,0.3977602540840053,2188.5542056325985,5502.194307152632,1.0089911593803067
0.05347738520025903,-0.3975926925713793,-2188.5082803612268,0.3975926925713793,2188.5082803612268,5504.397644250785,1.0092029184902855
0.05467412429537718,-0.3974215111365993,-2188.4614477390364,0.3974215111365993,2188.4614477390364,5506.6507131941125,1.0094193687695505
0.055897644514075466,-0.3972466345030625,-2188.413692748304,0.3972466345030625,2188.413692748304,5508.954645986894,1.0096406130331188
0.05714854517543926,-0.39706798595716464,-2188.36500026371,0.39706798595716464,2188.36500026371,5511.310600849571,1.0098667562983321
0.05842743901036538,-0.39688548733192874,-2188.315355059725,0.39688548733192874,2188.315355059725,5513.719762772688,1.0100979058295037
0.059734952461696154,-0.39669905897835633,-2188.264741818118,0.39669905897835633,2188.264741818118,5516.183344255194,1.0103341711835891
0.06107172599107189,-0.3965086197522396,-2188.2131451364257,0.3965086197522396,2188.2131451364257,5518.7025858447705,1.0105756642566393
0.06243841439264901,-0.39631408698505766,-2188.1605495370327,0.39631408698505766,2188.1605495370327,5521.278756915683,1.0108224993308192
0.06383568711383862,-0.39611537646669603,-2188.106939476441,0.39611537646669603,2188.106939476441,5523.913156298312,1.0110747931226112
0.06526422858322403,-0.3959124024227094,-2188.052299355823,0.3959124024227094,2188.052299355823,5526.607113003936,1.011332664831618
0.06672473854581461,-0.3957050774952222,-2187.9966135318373,0.3957050774952222,2187.9966135318373,5529.361986916267,1.0115962361901467
0.06821793240580398,-0.3954933127156437,-2187.939866328186,0.3954933127156437,2187.939866328186,5532.179169616696,1.0118656315139487
0.06974454157699744,-0.39527701749057087,-2187.8820420483535,0.39527701749057087,2187.8820420483535,5535.060085046671,1.0121409777533812
0.07130531384108117,-0.3950560995754131,-2187.823124988443,0.3950560995754131,2187.823124988443,5538.006190360832,1.0124224045458066
0.07290101371391051,-0.39483046505438324,-2187.763099451601,0.39483046505438324,2187.763099451601,5541.01897671514,1.0127100442686439
0.07453242281999296,-0.3946000183232172,-2187.7019497626975,0.3946000183232172,2187.7019497626975,5544.099970037885,1.0130040320932734
0.0762003402753537,-0.394364662062344,-2187.639660284275,0.394364662062344,2187.639660284275,5547.250731959441,1.0133045060400319
0.07790558307896761,-0.39412429722233355,-2187.5762154333797,0.39412429722233355,2187.5762154333797,5550.47286059434,1.0136116070337078
0.07964898651295084,-0.3938788229988859,-2187.511599699184,0.3938788229988859,2187.511599699184,5553.767991495627,1.0139254789604009
0.08143140455170966,-0.393628136818279,-2187.445797662056,0.393628136818279,2187.445797662056,5557.137798490012,1.0142462687247127
0.08325371028024295,-0.39337213431144846,-2187.3787940131588,0.39337213431144846,2187.3787940131588,5560.583994699847,1.0145741263084078
0.08511679632180812,-0.39311070929943526,-2187.310573575804,0.39311070929943526,2187.310573575804,5564.108333435694,1.0149092048293629
0.08702157527515592,-0.39284375377292235,-2187.2411213273263,0.39284375377292235,2187.2411213273263,5567.712609200933,1.0152516606020006
0.08896898016154968,-0.39257115787359,-2187.170422422817,0.39257115787359,2187.170422422817,5571.3986587040545,1.0156016531980174
0.09095996488179012,-0.39229280987729,-2187.0984622195765,0.39229280987729,2187.0984622195765,5575.168361876695,1.015959345508577
0.09299550468346474,-0.3920085961744917,-2187.0252263033085,0.3920085961744917,2187.0252263033085,5579.023642965766,1.0163249038068403
0.09507659663865661,-0.3917184012566395,-2186.9507005155015,0.3917184012566395,2186.9507005155015,5582.96647157684,1.0166984978118538
0.09720426013234044,-0.39142210769614394,-2186.874870982175,0.39142210769614394,2186.874870982175,5586.998863845009,1.0170803007529523
0.0993795373617111,-0.39111959613319414,-2186.7977241444937,0.39111959613319414,2186.7977241444937,5591.122883548358,1.0174704894352253
0.1016034938466843,-0.39081074526029624,-2186.719246790331,0.39081074526029624,2186.719246790331,5595.340643292407,1.0178692443058768
0.10387721895182155,-0.39049543180908586,-2186.6394260881493,0.39049543180908586,2186.6394260881493,5599.654305705688,1.0182767495211829
0.10620182641993692,-0.3901735305321381,-2186.5582496220245,0.3901735305321381,2186.5582496220245,5604.066084749233,1.0186931930146896
0.10857845491764205,-0.38984491419842016,-2186.4757054286047,0.38984491419842016,2186.4757054286047,5608.578246876268,1.0191187665658918
0.11100826859310269,-0.3895094535737371,-2186.391782036077,0.3895094535737371,2186.391782036077,5613.1931124546545,1.019553665869908
0.11349245764627486,-0.38916701741618454,-2186.306468504669,0.38916701741618454,2186.306468504669,5617.913057021942,1.0199980906080166
0.1160322389119019,-0.388817472462506,-2186.2197544693254,0.388817472462506,2186.2197544693254,5622.740512722572,1.0204522445188113
0.11862885645556039,-0.38846068342036233,-2186.1316301844945,0.38846068342036233,2186.1316301844945,5627.677969713169,1.0209163354702497
0.12128358218304118,-0.3880965129624201,-2186.0420865708143,0.3880965129624201,2186.0420865708143,5632.7279775958505,1.0213905755324892
0.12399771646337092,-0.3877248217190754,-2185.9511152640243,0.3877248217190754,2185.9511152640243,5637.893146928434,1.0218751810514035
0.12677258876577335,-0.38734546827345184,-2185.8587086663224,0.38734546827345184,2185.8587086663224,5643.176150761587,1.0223703727227291
0.12960955831088497,-0.38695830915912666,-2185.7648599999206,0.38695830915912666,2185.7648599999206,5648.579726197535,1.0228763756670747
0.1325100147365461,-0.3865631988551286,-2185.669563363013,0.3865631988551286,2185.669563363013,5654.106676052553,1.0233934195054772
0.1354753787784877,-0.3861599897895758,-2185.5728137882866,0.3861599897895758,2185.5728137882866,5659.759870460006,1.0239217384356114
0.13850710296625465,-0.3857485323369474,-2185.474607304085,0.3857485323369474,2185.474607304085,5665.542248635428,1.0244615713085654
0.14160667233470023,-0.38532867482445,-2185.3749409982456,0.38532867482445,2185.3749409982456,5671.456820580171,1.025013161706176
0.14477560515140236,-0.3849002635324723,-2185.273813084672,0.3849002635324723,2185.273813084672,5677.506668945967,1.0255767580189454
0.14801545366036142,-0.3844631427036802,-2185.171222972819,0.3844631427036802,2185.171222972819,5683.694950849971,1.0261526135243535
0.1513278048423363,-0.3840171545521116,-2185.067171340123,0.3840171545521116,2185.067171340123,5690.024899769436,1.0267409864656378
0.1547142811922001,-0.3835621392718167,-2184.9616602075175,0.3835621392718167,2184.9616602075175,5696.499827526287,1.0273421401309368
0.15817654151368885,-0.38309793504913614,-2184.854693018104,0.38309793504913614,2184.854693018104,5703.123126304178,1.0279563429327656
0.16171628173193522,-0.3826243780781624,-2184.746274719092,0.3826243780781624,2184.746274719092,5709.898270707657,1.0285838684877586
0.16533523572418893,-0.3821413025793845,-2184.6364118470874,0.3821413025793845,2184.6364118470874,5716.828819866337,1.0292249956966169
0.16903517616912217,-0.38164854081651356,-2184.5251126168528,0.38164854081651356,2184.5251126168528,5723.9184196622255,1.0298800088242064
0.17281791541514635,-0.381145923119675,-2184.4123870136395,0.381145923119675,2184.4123870136395,5731.170804961652,1.0305491975797243
0.176685306368157,-0.38063327791132906,-2184.2982468891837,0.38063327791132906,2184.2982468891837,5738.5898019090955,1.0312328571968643
0.18063924339914475,-0.380110431733101,-2184.182706061482,0.380110431733101,2184.182706061482,5746.179330314017,1.0319312885139074
0.18468166327212113,-0.3795772092748848,-2184.065780418453,0.3795772092748848,2184.065780418453,5753.943406114199,1.0326447980536517
0.18881454609280407,-0.3790334334103136,-2183.947488025588,0.3790334334103136,2183.947488025588,5761.886143857415,1.0333736981030848
0.19303991627853917,-0.37847892523086557,-2183.827849237692,0.37847892523086557,2183.827849237692,5770.011759322121,1.0341183067927207
0.19735984354992278,-0.37791350408861035,-2183.706886814861,0.37791350408861035,2183.706886814861,5778.324572129715,1.0348789481754885
0.2017764439446154,-0.3773369876353172,-2183.584626042751,0.3773369876353172,2183.584626042751,5786.829008538935,1.035655952305067
0.20629188085384728,-0.376749191874751,-2183.4610948572945,0.376749191874751,2183.4610948572945,5795.529604170137,1.0364496553135227
0.2109083660821127,-0.3761499312054184,-2183.3363239738505,0.3761499312054184,2183.3363239738505,5804.431007011174,1.037260399488254
0.21562816093058507,-0.3755390184805947,-2183.2103470211,0.3755390184805947,2183.2103470211,5813.53798029888,1.0380885333479717
0.220453577304773,-0.3749162650638027,-2183.083200679727,0.3749162650638027,2183.083200679727,5822.855405614939,1.038934411717641
0.2253869788469635,-0.374281480888385,-2182.9549248258118,0.374281480888385,2182.9549248258118,5832.388286068564,1.039798395802193
0.23043078209401244,-0.37363447452571563,-2182.8255626791624,0.37363447452571563,2182.8255626791624,5842.14174949996,1.0406808532590928
0.2355874576610374,-0.37297505325568636,-2182.6951609569883,0.37297505325568636,2182.6951609569883,5852.121051808473,1.041582158269214
0.24085953145160652,-0.37230302313855645,-2182.5637700322895,0.37230302313855645,2182.5637700322895,5862.331580423471,1.042502691606174
0.2462495858950053,-0.37161818909589783,-2182.4314440978687,0.37161818909589783,2182.4314440978687,5872.778857804191,1.0434428407039713
0.2517602612111908,-0.3709203549897211,-2182.298241335614,0.3709203549897211,2182.298241335614,5883.468545143848,1.0444029997222877
0.25739425670405863,-0.3702093237184272,-2182.164224090942,0.3702093237184272,2182.164224090942,5894.406445988504,1.0453835696100187
0.2631543320836442,-0.36948489730139045,-2182.0294590531125,0.36948489730139045,2182.0294590531125,5905.598510223333,1.0463849581662468
0.26904330881792,-0.368746876980822,-2181.894017441192,0.368746876980822,2181.894017441192,5917.050837978132,1.0474075800984923
0.2750640715148364,-0.3679950633259068,-2181.7579751952435,0.3679950633259068,2181.7579751952435,5928.769683692786,1.0484518570783319
0.281219569335298,-0.36722925633694103,-2181.6214131736806,0.36722925633694103,2181.6214131736806,5940.761460388641,1.0495182177941385
0.2875128174377547,-0.3664492555644756,-2181.484417356614,0.3664492555644756,2181.484417356614,5953.032743909582,1.0506070980000102
0.2939468984551202,-0.3656548602220937,-2181.3470790542974,0.3656548602220937,2181.3470790542974,5965.5902774801825,1.051718940561884
0.300524964004748,-0.3648458693160137,-2181.20949512269,0.3648458693160137,2181.20949512269,5978.44097621788,1.052854195499288
0.30725023623218883,-0.36402208177241846,-2181.071768183729,0.36402208177241846,2181.071768183729,5991.59193190732,1.054013320023424
0.3141260093895041,-0.363183296574789,-2180.9340068529323,0.363183296574789,2180.9340068529323,6005.050417850978,1.0551967785706338
0.3211556514488934,-0.36232931290487613,-2180.796325971799,0.36232931290487613,2180.796325971799,6018.823893898788,1.056405042831611
0.3283426057524327,-0.3614599302923125,-2180.658846847425,0.3614599302923125,2180.658846847425,6032.920011587252,1.0576385917751145
0.3356903926987368,-0.360574948766498,-2180.5216974974815,0.360574948766498,2180.5216974974815,6047.346619494493,1.058897911667087
0.3432026114673575,-0.3596741690175804,-2180.385012901408,0.3596741690175804,2180.385012901408,6062.111768707065,1.060183496083722
0.3508829417817806,-0.3587573925633478,-2180.248935258057,0.3587573925633478,2180.248935258057,6077.22371845781,1.0614958459186643
0.3587351457118697,-0.35782442192112285,-2180.113614249055,0.35782442192112285,2180.113614249055,6092.690941954848,1.062835469384133
0.36676306951664506,-0.3568750607869333,-2179.979207308195,0.3568750607869333,2179.979207308195,6108.522132370907,1.0642028820052174
0.3749706455283088,-0.35590911422150384,-2179.8458798969486,0.35590911422150384,2179.8458798969486,6124.726209007107,1.0655986066071361
0.3833618940784201,-0.3549263888398855,-2179.7138057858533,0.3549263888398855,2179.7138057858533,6141.312323691904,1.0670231732950635
0.3919409254671868,-0.3539266930129088,-2179.583167341699,0.3539266930129088,2179.583167341699,6158.289867281084,1.0684771194261184
0.40071194197681864,-0.35290983706909174,-2179.4541558204323,0.35290983706909174,2179.4541558204323,6175.668476460589,1.0699609895730722
0.4096792399299365,-0.35187563350882556,-2179.326971665691,0.35187563350882556,2179.326971665691,6193.458040654668,1.0714753354793232
0.4188472117940529,-0.35082389721719665,-2179.20182481282,0.35082389721719665,2179.20182481282,6211.668709283127,1.07302071600469
0.4282203483331361,-0.34975444569499814,-2179.0789349982338,0.34975444569499814,2179.0789349982338,6230.310899031403,1.074597697061553
0.4378032408073346,-0.34866709928155615,-2178.958532073924,0.34866709928155615,2178.958532073924,6249.395301603631,1.0762068515408723
0.4476005832219199,-0.34756168139983856,-2178.8408563268886,0.34756168139983856,2178.8408563268886,6268.932891426335,1.0778487592276083
0.45761717462655654,-0.3464380187911047,-2178.726158803291,0.3464380187911047,2178.726158803291,6288.934933890787,1.079524006705034
0.4678579214660357,-0.3452959417722923,-2178.6147016373097,0.3452959417722923,2178.6147016373097,6309.412993547465,1.081233187247403
0.47832783998360023,-0.344135284485219,-2178.5067583841274,0.344135284485219,2178.5067583841274,6330.378942812813,1.0829769007002317
0.48903205867806665,-0.342955885162155,-2178.402614356571,0.342955885162155,2178.402614356571,6351.844970750648,1.0847557533482959
0.49997582081592407,-0.34175758639003107,-2178.3025669661697,0.34175758639003107,2178.3025669661697,6373.823592258696,1.086570357769933
0.5111644869996497,-0.34054023538647016,-2178.2069260665394,0.34054023538647016,2178.2069260665394,6396.327657419246,1.0884213326777363
0.5226035377935091,-0.33930368427490976,-2178.1160143007874,0.33930368427490976,2178.1160143007874,6419.370361260327,1.0903093027447732
0.5342985764081032,-0.3380477903706378,-2178.0301674505304,0.3380477903706378,2178.0301674505304,6442.965253707246,1.0922348984157366
0.5462553314450053,-0.33677241646864786,-2177.9497347875267,0.33677241646864786,2177.9497347875267,6467.126249902611,1.0941987557026915
0.5584796597028098,-0.3354774311355868,-2177.8750794271637,0.3354774311355868,2177.8750794271637,6491.867640857641,1.0962015159645564
0.5709775490459745,-0.3341627090107977,-2177.806578683018,0.3341627090107977,2177.806578683018,6517.204104341418,1.0982438256694376
0.5837551213378751,-0.3328281311041792,-2177.744624421557,0.3328281311041792,2177.744624421557,6543.15071624729,1.1003263361402758
0.5968186354394788,-0.33147358510768754,-2177.6896234183796,0.33147358510768754,2177.6896234183796,6569.722962120503,1.1024497032819263
0.6101744902751417,-0.33009896569683406,-2177.641997712502,0.33009896569683406,2177.641997712502,6596.936749303445,1.104614587289667
0.6238292279670022,-0.32870417485082726,-2177.6021849611707,0.32870417485082726,2177.6021849611707,6624.808419148955,1.1068216523388044
0.6377895370395159,-0.32728912216180106,-2177.5706387916653,0.32728912216180106,2177.5706387916653,6653.354759878471,1.1090715662540782
0.6520622556957166,-0.32585372515541167,-2177.5478291522086,0.32585372515541167,2177.5478291522086,6682.593019655233,1.1113650001587319
0.6666543751667751,-0.32439790960870596,-2177.5342426589546,0.32439790960870596,2177.5342426589546,6712.540920148135,1.1137026281027218
0.6815730431365369,-0.32292160987026364,-2177.5303829396626,0.32292160987026364,2177.5303829396626,6743.216670493198,1.1160851266690794
0.6968255672426743,-0.32142476918033935,-2177.5367709731645,0.32142476918033935,2177.5367709731645,6774.638981700351,1.1185131745580625
0.7124194186562088,-0.3199073399932786,-2177.553945423467,0.3199073399932786,2177.553945423467,6806.827081458083,1.1209874521486873
0.7283622357411246,-0.31836928429675027,-2177.5824629678955,0.31836928429675027,2177.5824629678955,6839.800729451597,1.1235086410369286
0.7446618277958769,-0.3168105739332532,-2177.6228986185056,0.3168105739332532,2177.6228986185056,6873.580233080526,1.12607742355002
0.7613261788786451,-0.3152311909148011,-2177.6758460357964,0.3152311909148011,2177.6758460357964,6908.186463770225,1.12869448223653
0.7783634517181663,-0.31363112774170077,-2177.7419178339946,0.31363112774170077,2177.7419178339946,6943.640873642911,1.1313604993314956
0.79578199171211,-0.3120103877108704,-2177.8217458767026,0.3120103877108704,2177.8217458767026,6979.965512862403,1.1340761561964834
0.813590331014914,-0.31036898522870615,-2177.915981562161,0.31036898522870615,2177.915981562161,7017.183047324423,1.1368421327341183
0.8317971927171003,-0.3087069461125793,-2178.0252960977436,0.3087069461125793,2178.0252960977436,7055.316777042849,1.139659106776356
0.8504114951181339,-0.3070243078882413,-2178.1503807610907,0.3070243078882413,2178.1503807610907,7094.390655068101,1.1425277534466314
0.8694423560948747,-0.3053211200858641,-2178.2919471491655,0.3053211200858641,2178.2919471491655,7134.429306877212,1.145448744495552
0.8888990975678167,-0.30359744452198356,-2178.450727411946,0.30359744452198356,2178.450727411946,7175.458050517957,1.148422747609503
0.9087912500672549,-0.3018533555787144,-2178.627474471453,0.3018533555787144,2178.627474471453,7217.5029172512595,1.1514504256927698
0.9291285574016365,-0.3000889404743248,-2178.8229622242447,0.3000889404743248,2178.8229622242447,7260.590672819754,1.1545324361222582
0.9499209814304013,-0.2983042995183496,-2179.0379857266025,0.2983042995183496,2179.0379857266025,7304.748839506966,1.1576694299754962
0.9711787069436011,-0.29649954636579423,-2179.27336136117,0.29649954636579423,2179.27336136117,7350.005718634659,1.160862051231098
0.9929121466507481,-0.29467480825178427,-2179.5299269837114,0.29467480825178427,2179.5299269837114,7396.390413942058,1.1641109359433544
1.0151319462812842,-0.29283022621712007,-2179.8085420508214,0.29283022621712007,2179.8085420508214,7443.932855601437,1.167416711389159
1.0378489897991938,-0.2909659553229176,-2180.1100877237786,0.2909659553229176,2180.1100877237786,7492.663824894104,1.1707799951892788
1.0610744047343175,-0.2890821648461497,-2180.4354669523254,0.2890821648461497,2180.4354669523254,7542.614979767981,1.174201394403234
1.0848195676329844,-0.28717903846563786,-2180.785604532725,0.28717903846563786,2180.785604532725,7593.818881017198,1.177681504599349
1.1090961096305798,-0.28525677442667075,-2181.161447142432,0.28525677442667075,2181.161447142432,7646.3090193958915,1.1812209088991967
1.1339159221488593,-0.28331558569425397,-2181.563963348912,0.28331558569425397,2181.563963348912,7700.119843400331,1.184820176998437
1.159291162720757,-0.2813557000858964,-2181.9941435917867,0.2813557000858964,2181.9941435917867,7755.286787954307,1.1884798641643002
1.1852342609455055,-0.2793773603830232,-2182.453000137558,0.2793773603830232,2182.453000137558,7811.846304029215,1.1922005102105617
1.2117579245770667,-0.2773808244301108,-2182.941567006027,0.2773808244301108,2182.941567006027,7869.835888947845,1.1959826384514103
1.2388751457487825,-0.27536636520608226,-2183.4608998675667,0.27536636520608226,2183.4608998675667,7929.294117796412,1.199826754635
1.266599207337357,-0.2733342708793316,-2184.012075910094,0.2733342708793316,2184.012075910094,7990.260675633558,1.2037333458583568
1.2949436894692,-0.2712848448391014,-2184.596193675417,0.2712848448391014,2184.596193675417,8052.776390701431,1.207702879465372
1.3239224761724189,-0.26921840570503264,-2185.2143728643996,0.26921840570503264,2185.2143728643996,8116.883268592769,1.211735801928218
1.3535497621776749,-0.26713528730942926,-2185.86775410939,0.26713528730942926,2185.86775410939,8182.624527539285,1.2158325377157353
1.3838400598711793,-0.26503583866360714,-2186.5574987141713,0.26503583866360714,2186.5574987141713,8250.044634489705,1.2199934881492909
1.4148082064033383,-0.2629204238910461,-2187.284788360728,0.2629204238910461,2187.284788360728,8319.18934250287,1.224219030248576
1.4464693709564775,-0.26078942213962364,-2188.0508247821485,0.26078942213962364,2188.0508247821485,8390.105729099287,1.2285095155696537
1.4788390621751566,-0.25864322746701873,-2188.8568294012416,0.25864322746701873,2188.8568294012416,8462.842235760289,1.2328652690374946
1.5119331357628172,-0.25648224870110425,-2189.7040429351573,0.25648224870110425,2189.7040429351573,8537.448708534073,1.2372865877755168
1.5457678022483994,-0.2543069092712358,-2190.593724965291,0.2543069092712358,2190.593724965291,8613.97643989638,1.2417737399339206
1.5803596349267992,-0.25211764701316497,-2191.52715347131,0.25211764701316497,2191.52715347131,8692.478211796391,1.2463269635214818
1.6157255779769573,-0.24991491394985133,-2192.50562433254,0.24991491394985133,2192.50562433254,8773.008339840393,1.2509464652411562
1.6518829547616745,-0.24769917603862268,-2193.5304507922338,0.24769917603862268,2193.5304507922338,8855.622718947623,1.255632419335025
1.6888494763131656,-0.2454709128965078,-2194.6029628887127,0.2454709128965078,2194.6029628887127,8940.378870118808,1.2603849664392293
1.7266432500084468,-0.24323061749601038,-2195.7245068516363,0.24323061749601038,2195.7245068516363,9027.335988602059,1.2652042124542933
1.7652827884389228,-0.24097879582950554,-2196.896444464219,0.24097879582950554,2196.896444464219,9116.554993571057,1.2700902274328685
1.8047870184784651,-0.23871596655408212,-2198.120152391864,0.23871596655408212,2198.120152391864,9208.098578918769,1.275043044488877
1.8451752905543526,-0.23644266060091468,-2199.3970214778274,0.23644266060091468,2199.3970214778274,9302.031265796537,1.2800626587311028
1.8864673881257557,-0.23415942076189822,-2200.7284560065473,0.23415942076189822,2200.7284560065473,9398.4194564793,1.2851490262255778
1.9286835373742865,-0.23186680125127168,-2202.115872934631,0.23186680125127168,2202.115872934631,9497.33148967808,1.2903020629900326
1.9718444171114584,-0.2295653672354092,-2203.560701092778,0.2295653672354092,2203.560701092778,9598.837697644189,1.2955216440235409
2.015971168907777,-0.2272556943444215,-2205.064380356222,0.2272556943444215,2205.064380356222,9703.010464566387,1.3008076023767612
2.0610854074485774,-0.22493836815056056,-2206.628360787195,0.22493836815056056,2206.628360787195,9809.924286950492,1.3061597282646555
2.1072092311216077,-0.22261398363343687,-2208.2541017501153,0.22261398363343687,2208.2541017501153,9919.655835216063,1.3115777682266798
2.1543652328414735,-0.2202831446111304,-2209.9430710003594,0.2202831446111304,2209.9430710003594,10032.284017470376,1.3170614243379308
2.2025765111163875,-0.21794646315447608,-2211.696743748138,0.21794646315447608,2211.696743748138,10147.890044815877,1.3226103534749238
2.251866681362584,-0.215604558979976,-2213.5166016990406,0.215604558979976,2213.5166016990406,10266.55749846467,1.3282241666401147
2.3022598874718416,-0.21325805882543136,-2215.4041320737106,0.21325805882543136,2215.4041320737106,10388.372398565227,1.3339024283477512
2.3537808136379694,-0.21090759579647056,-2217.360826605676,0.21090759579647056,2217.360826605676,10513.42327540193,1.3396446560759367
2.406454696447888,-0.20855380871125817,-2219.388180522973,0.20855380871125817,2219.388180522973,10641.801241787467,1.3454503197872933
2.4603073372433504,-0.20619734141337176,-2221.4876915117925,0.20619734141337176,2221.4876915117925,10773.600068190455,1.351318841522444
2.5153651147592035,-0.20383884208149539,-2223.6608586662583,0.20383884208149539,2223.6608586662583,10908.916259332123,1.3572495950685093
2.571654998044556,-0.20147896252001374,-2225.909181425341,0.20147896252001374,2225.909181425341,11047.849133153206,1.3632419057060912
2.6292045596731093,-0.19911835743778283,-2228.2341584996507,0.19911835743778283,2228.2341584996507,11190.500901936639,1.3692950500381604
2.688041989249019,-0.196757683722808,-2230.6372867896353,0.196757683722808,2230.6372867896353,11336.976755287253,1.3754082559023268
2.7481961072150853,-0.19439759970009618,-2233.120060297008,0.19439759970009618,2233.120060297008,11487.384945812699,1.3815807023685376
2.8096963789699614,-0.19203876439178202,-2235.683969032945,0.19203876439178202,2235.683969032945,11641.83687659999,1.3878115198276804
2.872572929301171,-0.18968183676406625,-2238.3304979235463,0.18968183676406625,2238.3304979235463,11800.447191512965,1.394099790166928
2.9368565571412333,-0.18732747497824676,-2241.0611257165606,0.18732747497824676,2241.0611257165606,11963.333867478874,1.400444547039739
3.0025787506539343,-0.18497633563401905,-2243.8773238898534,0.18497633563401905,2243.8773238898534,12130.618309627609,1.4068447762274536
3.0697717026582803,-0.18262907302141684,-2246.780555565265,0.18262907302141684,2246.780555565265,12302.425448448648,1.4132994160950538
3.138468326397489,-0.18028633836775043,-2249.772274429405,0.18028633836775043,2249.772274429405,12478.883839996186,1.4198073581417001
3.2087022716609788,-0.1779487790922758,-2252.853923664225,0.1779487790922758,2252.853923664225,12660.125768528043,1.426367447646369
3.280507941267145,-0.1756170380695039,-2256.026934888475,0.1756170380695039,2256.026934888475,12846.28735166122,1.4329784844073734
3.3539205079148746,-0.17329175289432897,-2259.292727113796,0.17329175289432897,2259.292727113796,13037.50864873231,1.439639223577601
3.4289759314123045,-0.1709735551612539,-2262.652705716456,0.1709735551612539,2262.652705716456,13233.9337717019,1.4463483765930016
3.505710976291051,-0.16866306975862244,-2266.1082614268635,0.16866306975862244,2266.1082614268635,13435.71099867886,1.45310461219244
3.5841632298147035,-0.16636091416557974,-2269.660769340067,0.16636091416557974,2269.660769340067,13642.992891233236,1.4599065575305938
3.6643711203901725,-0.16406769777859154,-2273.3115879478687,0.16406769777859154,2273.3115879478687,13855.93641361196,1.4667527993786669
3.746373936391191,-0.16178402123932756,-2277.0620581955345,0.16178402123932756,2277.0620581955345,14074.703056286815,1.473641885412522
3.8302118454030496,-0.15951047579255828,-2280.9135025638525,0.15951047579255828,2280.9135025638525,14299.458961743409,1.4805723255857504
3.9159259138978704,-0.15724764265951308,-2284.867224179838,0.15724764265951308,2284.867224179838,14530.375053871177,1.4875425935826743
4.00355812735031,-0.15499609243170198,-2288.9245059565196,0.15499609243170198,2288.9245059565196,14767.627170763155,1.4945511283526958
4.093151410803431,-0.1527563844888391,-2293.086609764104,0.1527563844888391,2293.086609764104,15011.396200802625,1.5015963357159239
4.184749649894658,-0.15052906643995811,-2297.3547756330977,0.15052906643995811,2297.3547756330977,15261.868222304089,1.5086765900426184
4.278397712352415,-0.14831467358908412,-2301.7302209922987,0.14831467358908412,2301.7302209922987,15519.234646798324,1.5157902359983872
4.374141469973738,-0.14611372843091885,-2306.214139941908,0.14611372843091885,2306.214139941908,15783.692365582632,1.522935590351398
4.472027821093805,-0.14392674016471574,-2310.8077025625644,0.14392674016471574,2310.8077025625644,16055.443900959475,1.5301109438380858
4.5721047135581285,-0.1417542042486275,-2315.512054262525,0.1417542042486275,2315.512054262525,16334.697560019242,1.5373145630815033
4.674421168208981,-0.13959660197315316,-2320.3283151644055,0.13959660197315316,2320.3283151644055,16621.667593389164,1.5445446925580053
4.779027302897425,-0.1374544000664173,-2325.257579526437,0.1374544000664173,2325.257579526437,16916.574357771624,1.551799556605826
4.88597435703251,-0.13532805033491968,-2330.300915210853,0.13532805033491968,2330.300915210853,17219.644482009866,1.5590773614718634
4.995314716680026,-0.13321798932702222,-2335.4593631883076,0.13321798932702222,2335.4593631883076,17531.11103827911,1.5663762973882973
5.107101940222916,-0.13112463803054197,-2340.7339370831055,0.13112463803054197,2340.7339370831055,17851.213717271763,1.5736945406776817
5.221390784595761,-0.12904840160717868,-2346.1256227607782,0.12904840160717868,2346.1256227607782,18180.19900705433,1.581030255877367
5.338237232106544,-0.12698966914922494,-2351.635377958243,0.12698966914922494,2351.635377958243,18518.320377658816,1.5883815978777105
5.457698517858519,-0.12494881347265618,-2357.264131953326,0.12494881347265618,2357.264131953326,18865.838469680144,1.595746714070171
5.579833157785878,-0.12292619094250767,-2363.012785280133,0.12292619094250767,2363.012785280133,19223.021287508283,1.6031237464981594
5.704700977316576,-0.12092214132735535,-2368.882209474533,0.12092214132735535,2368.882209474533,19590.14439763843,1.6105108340071332
5.8323631406767955,-0.11893698768608374,-2374.8732468802705,0.11893698768608374,2374.8732468802705,19967.491131929375,1.6179061143816478
5.9628821808511985,-0.11697103628330296,-2380.98671047319,0.11697103628330296,2380.98671047319,20355.352796109786,1.6253077264749358
6.096322030213432,-0.11502457653887177,-2387.2233837427807,0.11502457653887177,2387.2233837427807,20754.02888300167,1.6327138123147509
6.232748051842299,-0.11309788100425067,-2393.5840206060348,0.11309788100425067,2393.5840206060348,21163.827291477497,1.6401225191863549
6.372227071538755,-0.11119120536613991,-2400.069345360656,0.11119120536613991,2400.069345360656,21585.064551261068,1.6475320016863848
6.514827410559154,-0.10930478848467828,-2406.6800526745333,0.10930478848467828,2406.6800526745333,22018.066052173806,1.65494042374159
6.660618919081273,-0.10743885245437923,-2413.416807621007,0.10743885245437923,2413.416807621007,22463.16628005492,1.662345960586721
6.809673010419098,-0.10559360269144236,-2420.2802457360085,0.10559360269144236,2420.2802457360085,22920.709058562654,1.669746800704346
6.962062696003439,-0.1037692280506235,-2427.2709731260993,0.1037692280506235,2427.2709731260993,23391.047796384904,1.6771411477071076
7.117862621145094,-0.10196590096484215,-2434.3895665949562,0.10196590096484215,2434.3895665949562,23874.545740877962,1.684527222178673
7.277149101598563,-0.10018377760752628,-2441.636573816978,0.10018377760752628,2441.636573816978,24371.576238442325,1.6919032634504023
7.440000160944029,-0.09842299808315147,-2449.012513532929,0.09842299808315147,2449.012513532929,24882.52299999956,1.6992675313227978
7.606495568805609,-0.09668368663187721,-2456.517875780206,0.09668368663187721,2456.517875780206,25407.78037491877,1.7066183077232222
7.7767168799251305,-0.09496595186055856,-2464.1531221525197,0.09496595186055856,2464.1531221525197,25947.753630382307,1.7139538982986673
7.950747474110342,-0.09326988699285721,-2471.918686078782,0.09326988699285721,2471.918686078782,26502.859237602446,1.7212726339411866
8.128672597076799,-0.09159557013526864,-2479.8149731409644,0.09159557013526864,2479.8149731409644,27073.52516588701,1.7285728722417246
8.310579402204047,-0.08994306456315826,-2487.842361418405,0.08994306456315826,2487.842361418405,27660.191183183837,1.7358529988679297
8.496556993226058,-0.08831241901771136,-2496.0012018273205,0.08831241901771136,2496.0012018273205,28263.309165234605,1.7431114288793157
8.686696467877201,-0.08670366802698481,-2504.2918185202584,0.08670366802698481,2504.2918185202584,28883.343409887188,1.750346607953781
8.88109096251461,-0.08511683223059663,-2512.7145092826145,0.08511683223059663,2512.7145092826145,29520.770961908267,1.757557013544417
9.079835697739421,-0.08355191872169598,-2521.2695459548545,0.08355191872169598,2521.2695459548545,30176.081944365385,1.7647411559571389
9.283028025038972,-0.08200892140257565,-2529.957174872152,0.08200892140257565,2529.957174872152,30849.779897150234,1.7718975793509055
9.490767474472428,-0.08048782134301291,-2538.7776173105335,0.08048782134301291,2538.7776173105335,31542.382126248507,1.779024862660626
9.703155803423915,-0.07898858715452661,-2547.7310699672366,0.07898858715452661,2547.7310699672366,32254.42005923046,1.7861216204382526
9.920297046446445,-0.07751117536827223,-2556.8177054387747,0.07751117536827223,2556.8177054387747,32986.43961068562,1.7931865036171244
10.142297566221506,-0.07605553082248662,-2566.037672714586,0.07605553082248662,2566.037672714586,33739.00155537288,1.8002182002008065
10.369266105658646,-0.07462158705038746,-2575.3910976758893,0.07462158705038746,2575.3910976758893,34512.68191249917,1.8072154358740617
10.601313841161316,-0.07320926667807726,-2584.8780836135757,0.07320926667807726,2584.8780836135757,35308.0723370724,1.8141769745359164
10.838554437084742,-0.07181848182290196,-2594.498711752213,0.07181848182290196,2594.498711752213,36125.780521927736,1.8211016187572446
11.081104101412086,-0.07044913449408341,-2604.2530417608878,0.07044913449408341,2604.2530417608878,36966.43060930157,1.8279882101728955
11.32908164267692,-0.06910111699698973,-2614.141112303589,0.06910111699698973,2614.141112303589,37830.66361166737,1.8348356297863095
11.582608528159579,-0.06777431233331299,-2624.1629415568145,0.06777431233331299,2624.1629415568145,38719.13784460435,1.841642798222277
11.84180894338541,-0.0664685946071586,-2634.318527764025,0.0664685946071586,2634.318527764025,39632.529367189476,1.8484086758924096
12.10680985295497,-0.0651838294238587,-2644.607849752708,0.0651838294238587,2644.607849752708,40571.532435692156,1.8551322631130107
12.377741062735238,-0.06391987428969514,-2655.030867495821,0.06391987428969514,2655.030867495821,41536.85996725829,1.8618126001397297
12.654735283442838,-0.06267657900980339,-2665.587522622591,0.06267657900980339,2665.587522622591,42529.24401323277,1.868448767159046
12.937928195649683,-0.06145378608016472,-2676.277738983522,0.06145378608016472,2676.277738983522,43549.4362461638,1.8750398841985323
13.22745851624376,-0.06025133107641523,-2687.1014231563763,0.06025133107641523,2687.1014231563763,44598.208456978224,1.8815851110015516
13.523468066377248,-0.059069043037197844,-2698.0584649865395,0.059069043037197844,2698.0584649865395,45676.353065132236,1.8880836468295314
13.826101840934697,-0.057906744846150104,-2709.1487381210836,0.057906744846150104,2709.1487381210836,46784.68363778524,1.8945347302167272
14.135508079556288,-0.05676425360070425,-2720.372100507739,0.05676425360070425,2720.372100507739,47924.03542630196,1.9009376386810815
14.451838339250495,-0.05564138097815885,-2731.7283949158464,0.05564138097815885,2731.7283949158464,49095.26591347802,1.9072916883808053
14.775247568631185,-0.05453793360038617,-2743.217449443749,0.05453793360038617,2743.217449443749,50299.255368639875,1.9135962337258243
15.105894183816595,-0.05345371337944016,-2754.8390780093127,0.05345371337944016,2754.8390780093127,51536.907425947014,1.9198506669515834
15.443940146026467,-0.052388517866347684,-2766.593080845802,0.052388517866347684,2766.593080845802,52809.14966718217,1.9260544176475232
15.789551040916049,-0.0513421405862573,-2778.4792449766524,0.0513421405862573,2778.4792449766524,54116.934223041826,1.9322069522526892
16.14289615968483,-0.05031437136722161,-2790.4973446869158,0.05031437136722161,2790.4973446869158,55461.23838694814,1.9383077735149632
16.50414858200095,-0.04930499665988464,-2802.647141985436,0.04930499665988464,2802.647141985436,56843.06524384609,1.9443564199182406
16.8734852607813,-0.048313799846710026,-2814.9283870508516,0.048313799846710026,2814.9283870508516,58263.44431574526,1.9503524650796504
17.25108710886831,-0.04734056154757127,-2827.3408186744923,0.04734056154757127,2827.3408186744923,59723.432216438174,1.956295517120859
17.63713908764699,-0.04638505990988051,-2839.8841646857763,0.04638505990988051,2839.8841646857763,61224.113328801606,1.962185218013705
18.031830297645108,-0.04544707089507938,-2852.558142369838,0.04544707089507938,2852.558142369838,62766.60049126926,1.9680212429040325
18.435354071160223,-0.0445263685505779,-2865.362458870814,0.0445263685505779,2865.362458870814,64352.03570702208,1.973803299414684
18.84790806696027,-0.04362272527805544,-2878.296811585252,0.04362272527805544,2878.296811585252,65981.59086207273,1.979531126931766
19.269694367102947,-0.042735912085845484,-2891.360888541831,0.042735912085845484,2891.360888541831,67656.46846927775,1.9852044958745076
19.700919575922253,-0.041865698840410914,-2904.5543687686663,0.041865698840410914,2904.5543687686663,69377.90241697917,1.9908232069515466
20.14179492122939,-0.04101185449781042,-2917.8769226507293,0.04101185449781042,2917.8769226507293,71147.15875153882,1.9963870904072898
20.592536357779068,-0.04017414733789337,-2931.328212269349,0.04017414733789337,2931.328212269349,72965.53645842879,2.001896005255424
21.053364673051277,-0.0393523451780311,-2944.907891734133,0.0393523451780311,2944.907891734133,74834.36827999166,2.007349838508255
21.524505595399518,-0.03854621558502913,-2958.615607499536,0.03854621558502913,2958.615607499536,76755.02153961452,2.012748504398019
22.006189904619948,-0.03775552607703503,-2972.450998669155,0.03775552607703503,2972.450998669155,78728.89898565503,2.0180919435942797
22.498653544994944,-0.03698004431043955,-2986.4136972868014,0.03698004431043955,2986.4136972868014,80757.43966709444,2.023380122419473
23.00213774086558,-0.03621953826768731,-3000.503328616592,0.03621953826768731,3000.503328616592,82842.11980950192,2.02861303206227
23.516889114791315,-0.035473776429171266,-3014.7195114070637,0.035473776429171266,3014.7195114070637,84984.45372531467,2.0337906877933882
24.043159808353394,-0.03474252793876076,-3029.0618581457747,0.03474252793876076,3029.0618581457747,87185.99474065269,2.038913128179071
24.581207605662176,-0.03402556275977986,-3043.529975300201,0.03402556275977986,3043.529975300201,89448.33614619376,2.0439804143035856
25.13129605962742,-0.03332265182689298,-3058.123463546735,0.03332265182689298,3058.123463546735,91773.1121590594,2.0489926289902183
25.693694621055148,-0.03263356718434807,-3072.841917986034,0.03263356718434807,3072.841917986034,94161.99892054251,2.053949876031576
26.268678770633528,-0.031958082119672326,-3087.68492834625,0.031958082119672326,3087.68492834625,96616.71550826808,2.058852279424513
26.856530153871468,-0.03129597129054673,-3102.652079177652,0.03129597129054673,3102.652079177652,99139.02496820221,2.063699982613751
27.45753671905792,-0.030647010840766598,-3117.742950030928,0.030647010840766598,3117.742950030928,101730.7353800297,2.068493147742455
28.07199285830791,-0.03001097851256418,-3132.957115628689,0.03001097851256418,3132.957115628689,104393.7009357115,2.0732319549125844
28.7001995517656,-0.02938765374938157,-3148.2941460171264,0.02938765374938157,3148.2941460171264,107129.82304970089,2.0779166014582304
29.342464515033235,-0.028776817793641385,-3163.7536067199917,0.028776817793641385,3163.7536067199917,109941.05148829432,2.0825473012220455
29.999102349900372,-0.028178253776331985,-3179.335058866106,0.028178253776331985,3179.335058866106,112829.3855290832,2.0871242838528614
30.670434698446204,-0.027591746800680994,-3195.038059319208,0.027591746800680994,3195.038059319208,115796.87514530073,2.091647794107362
31.356790400589333,-0.027017084020826587,-3210.8621607894106,0.027017084020826587,3210.8621607894106,118845.62221127424,2.096118091168447
32.058505655164375,-0.02645405471412232,-3226.8069119380693,0.02645405471412232,3226.8069119380693,121977.78173549553,2.100535447974704
32.775924184603234,-0.02590245034571126,-3242.871857469611,0.02590245034571126,3242.871857469611,125195.56312966901,2.1049001505641884
33.50939740330048,-0.025362064629007364,-3259.0565382156187,0.025362064629007364,3259.0565382156187,128501.23150022009,2.1092124974311783
34.25928458974785,-0.024832693582538923,-3275.360491214292,0.024832693582538923,3275.360491214292,131897.10895951124,2.113472798896036
35.02595306251992,-0.02431413557860651,-3291.783249762929,0.02431413557860651,3291.783249762929,135385.57597989618,2.1176813764949096
35.809778360199054,-0.023806191389212472,-3308.3243434889387,0.023806191389212472,3308.3243434889387,138969.07276768645,2.1218385623735716
36.611144425325264,-0.023308664226533438,-3324.983298386247,0.023308664226533438,3324.983298386247,142650.10066948622,2.1259446987054478
37.43044379246387,-0.022821359777935868,-3341.7596368552604,0.022821359777935868,3341.7596368552604,146431.223615612,2.130000137121215
38.26807778048188,-0.02234408623917261,-3358.6528777460703,0.02234408623917261,3358.6528777460703,150315.06958014853,2.1340052381470387
39.124456689125815,-0.021876654339848756,-3375.662536347844,0.021876654339848756,3375.662536347844,154304.33209336805,2.13796037067664
40.0,-0.02141887737070647,-3392.788124450608,0.02141887737070647,3392.788124450608,158401.7717516211,2.1418659114272947
